slug,label,street_view_url,status,last_downloaded_at,last_error
olazabal-exautopista,Olazabal y Holmberg,"https://www.google.com/maps/@-34.5706263,-58.4757463,3a,90y,172.4h,92.43t/data=!3m8!1e1!3m6!1s_nnYC8_I-qxBMA3qY6Xy3A!2e0!5s20151001T000000!6shttps:%2F%2Fstreetviewpixels-pa.googleapis.com%2Fv1%2Fthumbnail%3Fcb_client%3Dmaps_sv.tactile%26w%3D900%26h%3D600%26pitch%3D-2.434849756316609%26panoid%3D_nnYC8_I-qxBMA3qY6Xy3A%26yaw%3D172.40459482211702!7i13312!8i6656?entry=ttu&g_ep=EgoyMDI2MDQyOS4wIKXMDSoASAFQAw%3D%3D",done,2026-05-13T20:48:03.654Z,
plaza-houssay,Plaza Houssay,"https://www.google.com/maps/@-34.5992763,-58.397252,3a,75y,30.37h,97.79t/data=!3m8!1e1!3m6!1sag6i8W5lzgu3p2n_ht2KGA!2e0!5s20131001T000000!6shttps:%2F%2Fstreetviewpixels-pa.googleapis.com%2Fv1%2Fthumbnail%3Fcb_client%3Dmaps_sv.tactile%26w%3D900%26h%3D600%26pitch%3D-7.786025774288902%26panoid%3Dag6i8W5lzgu3p2n_ht2KGA%26yaw%3D30.371723867141753!7i13312!8i6656?entry=ttu&g_ep=EgoyMDI2MDUxMy4wIKXMDSoASAFQAw%3D%3D",done,2026-05-15T21:03:47.104Z,
aguero,Aguero,"https://www.google.com/maps/place/34%C2%B035'51.8%22S+58%C2%B024'36.8%22W/@-34.5979707,-58.4102913,3a,75y,41.17h,108.69t/data=!3m7!1e1!3m5!1shq041OgJg6drxcSLuedGRg!2e0!6shttps:%2F%2Fstreetviewpixels-pa.googleapis.com%2Fv1%2Fthumbnail%3Fcb_client%3Dmaps_sv.tactile%26w%3D900%26h%3D600%26pitch%3D-18.68841436286624%26panoid%3Dhq041OgJg6drxcSLuedGRg%26yaw%3D41.16589690827358!7i16384!8i8192!4m4!3m3!8m2!3d-34.59772!4d-58.41023?entry=ttu&g_ep=EgoyMDI2MDUxMy4wIKXMDSoASAFQAw%3D%3D",done,2026-05-15T21:03:49.298Z,
anchorena,Anchorena y Cordoba,"https://www.google.com/maps/place/34%C2%B035'52.0%22S+58%C2%B024'29.0%22W/@-34.5980874,-58.4081709,3a,89.9y,338.62h,114.8t/data=!3m7!1e1!3m5!1s0ILbxh7upTxXoIT1O-US6Q!2e0!6shttps:%2F%2Fstreetviewpixels-pa.googleapis.com%2Fv1%2Fthumbnail%3Fcb_client%3Dmaps_sv.tactile%26w%3D900%26h%3D600%26pitch%3D-24.79585963694751%26panoid%3D0ILbxh7upTxXoIT1O-US6Q%26yaw%3D338.6201425092135!7i16384!8i8192!4m4!3m3!8m2!3d-34.5977751!4d-58.4080576?entry=ttu&g_ep=EgoyMDI2MDUxMy4wIKXMDSoASAFQAw%3D%3D",done,2026-05-15T21:03:51.950Z,
juncal,Juncal,"https://www.google.com/maps/place/34%C2%B035'26.8%22S+58%C2%B024'10.0%22W/@-34.5907424,-58.4027305,3a,90y,243.16h,113.98t/data=!3m8!1e1!3m6!1sMyc1pW5gfULLiG18DleVCw!2e0!5s20240601T000000!6shttps:%2F%2Fstreetviewpixels-pa.googleapis.com%2Fv1%2Fthumbnail%3Fcb_client%3Dmaps_sv.tactile%26w%3D900%26h%3D600%26pitch%3D-23.975316665130777%26panoid%3DMyc1pW5gfULLiG18DleVCw%26yaw%3D243.15669845995535!7i16384!8i8192!4m4!3m3!8m2!3d-34.59079!4d-58.40278?entry=ttu&g_ep=EgoyMDI2MDUxMy4wIKXMDSoASAFQAw%3D%3D",done,2026-05-15T21:03:53.678Z,
guardiavieja,Guardia Vieja,"https://www.google.com/maps/place/34%C2%B035'59.5%22S+58%C2%B025'46.7%22W/@-34.5997902,-58.4297648,3a,90y,137.72h,110.3t/data=!3m7!1e1!3m5!1si2Q9xJRh0Do18XcDxLwEpQ!2e0!6shttps:%2F%2Fstreetviewpixels-pa.googleapis.com%2Fv1%2Fthumbnail%3Fcb_client%3Dmaps_sv.tactile%26w%3D900%26h%3D600%26pitch%3D-20.302590976060714%26panoid%3Di2Q9xJRh0Do18XcDxLwEpQ%26yaw%3D137.72099580053865!7i16384!8i8192!4m4!3m3!8m2!3d-34.59985!4d-58.42963?entry=ttu&g_ep=EgoyMDI2MDUxMy4wIKXMDSoASAFQAw%3D%3D",done,2026-05-15T21:03:55.829Z,
sarmiento,Sarmiento,"https://www.google.com/maps/place/34%C2%B036'16.3%22S+58%C2%B025'25.5%22W/@-34.6045708,-58.4236855,3a,90y,326.31h,110.02t/data=!3m8!1e1!3m6!1saNIS0ftEvdsrkekUg1Ogww!2e0!5s20251001T000000!6shttps:%2F%2Fstreetviewpixels-pa.googleapis.com%2Fv1%2Fthumbnail%3Fcb_client%3Dmaps_sv.tactile%26w%3D900%26h%3D600%26pitch%3D-20.02388980500801%26panoid%3DaNIS0ftEvdsrkekUg1Ogww%26yaw%3D326.3083095774211!7i16384!8i8192!4m4!3m3!8m2!3d-34.6045294!4d-58.4237442?entry=ttu&g_ep=EgoyMDI2MDUxMy4wIKXMDSoASAFQAw%3D%3D",done,2026-05-15T21:03:57.157Z,
guatemala,Guatemala,"https://www.google.com/maps/place/34%C2%B035'21.3%22S+58%C2%B025'10.6%22W/@-34.5892375,-58.419437,3a,75y,257.52h,110.36t/data=!3m8!1e1!3m6!1s6-qbaNxfa65LP406c8E0zA!2e0!5s20240601T000000!6shttps:%2F%2Fstreetviewpixels-pa.googleapis.com%2Fv1%2Fthumbnail%3Fcb_client%3Dmaps_sv.tactile%26w%3D900%26h%3D600%26pitch%3D-20.361201832172526%26panoid%3D6-qbaNxfa65LP406c8E0zA%26yaw%3D257.5193349958762!7i16384!8i8192!4m4!3m3!8m2!3d-34.5892427!4d-58.4195981?entry=ttu&g_ep=EgoyMDI2MDUxMy4wIKXMDSoASAFQAw%3D%3D",done,2026-05-15T21:03:58.974Z,
godoycruz,Godoy Cruz,"https://www.google.com/maps/place/34%C2%B034'51.4%22S+58%C2%B025'37.9%22W/@-34.5809662,-58.4272744,3a,90y,98.75h,114.72t/data=!3m7!1e1!3m5!1s76HiRzEGHTwcQd8xMKAAVw!2e0!6shttps:%2F%2Fstreetviewpixels-pa.googleapis.com%2Fv1%2Fthumbnail%3Fcb_client%3Dmaps_sv.tactile%26w%3D900%26h%3D600%26pitch%3D-24.717184503139677%26panoid%3D76HiRzEGHTwcQd8xMKAAVw%26yaw%3D98.74705672397714!7i16384!8i8192!4m4!3m3!8m2!3d-34.5809455!4d-58.4271848?entry=ttu&g_ep=EgoyMDI2MDUxMy4wIKXMDSoASAFQAw%3D%3D",done,2026-05-15T21:04:02.131Z,
corrales-1152-038-074-020,Corrales 1152,"https://www.google.com/maps/@-34.64803793994425,-58.42144396173209,3a,75y,242.27h,90t/data=!3m6!1e1!3m4!1smDWKRUE--EK3ypdoqk5qQg!2e0!7i16384!8i8192",done,2026-06-09T14:23:21.187Z,
tilcara-av-2722-038-075-001,Tilcara Av. 2722,"https://www.google.com/maps/@-34.64781100672189,-58.42348345698736,3a,75y,39.74h,90t/data=!3m6!1e1!3m4!1solaY0PkIuF9Dz_ProBHpoA!2e0!7i16384!8i8192",done,2026-06-09T14:23:24.171Z,
tomas-a-le-breton-4936-053-005-004,Tomas A. Le Breton 4936,"https://www.google.com/maps/@-34.56957100956226,-58.4877845403223,3a,75y,145.73h,90t/data=!3m6!1e1!3m4!1sOymV6nn9XAZPs_J-EMkuJQ!2e0!7i16384!8i8192",done,2026-06-09T14:23:24.791Z,
brasil-av-171-006-049-015,Brasil Av. 171,"https://www.google.com/maps/@-34.62521086026901,-58.36754521986479,3a,75y,12.06h,90t/data=!3m6!1e1!3m4!1siSo1sbUUBQoEE5hXbW__gQ!2e0!7i16384!8i8192",done,2026-06-09T14:23:30.019Z,
calle-a-ceder-3962-066-122-000,Calle a Ceder 3962,"https://www.google.com/maps/@-34.67277035295731,-58.46059801161631,3a,75y,304.07h,90t/data=!3m6!1e1!3m4!1sHcgKtGBmnmA7EfAGZbkaPA!2e0!7i16384!8i8192",done,2026-06-09T14:23:30.507Z,
holmberg-2204-051-104-024,Holmberg 2204,"https://www.google.com/maps/@-34.57117771274311,-58.47507485778872,3a,75y,227.0h,90t/data=!3m6!1e1!3m4!1spbvRGWGODue9u3EH8KQLfQ!2e0!7i16384!8i8192",done,2026-06-09T14:23:33.869Z,
a-magarinos-cervantes-1933-059-024-033,A. Magariños Cervantes 1933,"https://www.google.com/maps/@-34.60735604570831,-58.46788181226239,3a,75y,326.99h,90t/data=!3m6!1e1!3m4!1slfjxq4umcO83h-ZTzTcMog!2e0!7i16384!8i8192",done,2026-06-09T14:23:36.839Z,
calle-a-ceder-3912-066-126-000,Calle a Ceder 3912,"https://www.google.com/maps/@-34.67245886833676,-58.46100439246622,3a,75y,310.77h,90t/data=!3m6!1e1!3m4!1s62fsdJGvKLMS5edgp7n76A!2e0!7i16384!8i8192",done,2026-06-09T14:23:37.706Z,
calle-a-ceder-5011-066-110-002,Calle a Ceder 5011,"https://www.google.com/maps/@-34.6756281389219,-58.46397794203953,3a,75y,144.48h,90t/data=!3m6!1e1!3m4!1saNLkyayVR051-vJ1Mt30oA!2e0!7i16384!8i8192",done,2026-06-09T14:23:38.185Z,
araujo-4261-066-120-002,Araujo 4261,"https://www.google.com/maps/@-34.67404439539003,-58.46206961368434,3a,75y,325.44h,90t/data=!3m6!1e1!3m4!1sBuy8GBGzurQ0psImJLWNPA!2e0!7i16384!8i8192",done,2026-06-09T14:23:39.105Z,
jose-maria-av-moreno-960-040-079-017,Jose Maria Av. Moreno 960,"https://www.google.com/maps/@-34.62988761728566,-58.43304814879646,3a,75y,351.2h,90t/data=!3m6!1e1!3m4!1sZR30zfYshBngocR33MmgHA!2e0!7i16384!8i8192",done,2026-06-09T14:23:44.996Z,
calle-a-ceder-4012-066-115-000,Calle a Ceder 4012,"https://www.google.com/maps/@-34.67319931398546,-58.46055628470398,3a,75y,37.27h,90t/data=!3m6!1e1!3m4!1scB5maOL0WTJNVOGA44ufUA!2e0!7i16384!8i8192",done,2026-06-09T14:23:46.155Z,
albarino-4312-066-111-001,Albariño 4312,"https://www.google.com/maps/@-34.67560580575812,-58.46317030042324,3a,75y,306.13h,90t/data=!3m6!1e1!3m4!1szrzVqdIDzF_QzC3Rj3My3Q!2e0!7i16384!8i8192",done,2026-06-09T14:23:47.019Z,
juana-moro-4717-066-121-003,Juana Moro 4717,"https://www.google.com/maps/@-34.67319943053896,-58.46109220227998,3a,75y,318.3h,90t/data=!3m6!1e1!3m4!1sE3LmRffCGWKUWahUO8pykg!2e0!7i16384!8i8192",done,2026-06-09T14:23:47.679Z,
gral-jose-gervasio-artigas-367-065-073-008,Gral. Jose Gervasio Artigas 367,"https://www.google.com/maps/@-34.62613491747845,-58.46549183895712,3a,75y,69.93h,90t/data=!3m6!1e1!3m4!1sc7N8udZoVgHVcgei3_Cjbg!2e0!7i16384!8i8192",done,2026-06-09T14:23:52.042Z,
juana-moro-4751-066-121-002,Juana Moro 4751,"https://www.google.com/maps/@-34.67339715046565,-58.46132069975994,3a,75y,303.05h,90t/data=!3m6!1e1!3m4!1sACndevzt-z_J8x7KrqaFiQ!2e0!7i16384!8i8192",done,2026-06-09T14:23:52.764Z,
frida-kahlo-5059-066-110-001,Frida Kahlo 5059,"https://www.google.com/maps/@-34.67594093083331,-58.46437083199636,3a,75y,125.42h,90t/data=!3m6!1e1!3m4!1sOjb2IjbWvhCw9newxSqWpw!2e0!7i16384!8i8192",done,2026-06-09T14:23:53.274Z,
juana-moro-4865-066-120-001,Juana Moro 4865,"https://www.google.com/maps/@-34.67425103819168,-58.4627464019265,3a,75y,51.93h,90t/data=!3m6!1e1!3m4!1szB0zrOlnXKt3s3fUXz5G4A!2e0!7i16384!8i8192",done,2026-06-09T14:23:53.751Z,
juana-moro-4768-066-114-001,Juana Moro 4768,"https://www.google.com/maps/@-34.67379645796699,-58.46103514331595,3a,75y,321.01h,90t/data=!3m6!1e1!3m4!1sIqShEn03_Ky7vX0f5sN11w!2e0!7i16384!8i8192",done,2026-06-09T14:23:54.711Z,
frida-kahlo-4721-066-114-002,Frida Kahlo 4721,"https://www.google.com/maps/@-34.67352137298383,-58.46072066617737,3a,75y,320.1h,90t/data=!3m6!1e1!3m4!1sNFWh_sLeMdF_yVKcjqTt7w!2e0!7i16384!8i8192",done,2026-06-09T14:23:55.697Z,
calle-sin-nombre-oficial-4362-066-094-001,Calle Sin Nombre Oficial 4362,"https://www.google.com/maps/@-34.67679644076539,-58.46455220648456,3a,75y,128.71h,90t/data=!3m6!1e1!3m4!1se7VBB5Y6MKIsIfCIP-6tfA!2e0!7i16384!8i8192",done,2026-06-09T14:23:56.129Z,
congreso-av-4944-053-006-004,Congreso Av. 4944,"https://www.google.com/maps/@-34.56880676774775,-58.48842436146714,3a,75y,150.71h,90t/data=!3m6!1e1!3m4!1scWQh8C1xqybf-pc-yAsm9g!2e0!7i16384!8i8192",done,2026-06-09T14:24:00.923Z,
french-2757-015-109-019,French 2757,"https://www.google.com/maps/@-34.58894132806962,-58.40247466058354,3a,75y,37.74h,90t/data=!3m6!1e1!3m4!1sjlttGoD5odi7f1_31KxRqw!2e0!7i16384!8i8192",done,2026-06-09T14:24:04.343Z,
juan-bautista-av-alberdi-2776-048-063-010,Juan Bautista Av. Alberdi 2776,"https://www.google.com/maps/@-34.63280896533565,-58.46686192508312,3a,75y,157.68h,90t/data=!3m6!1e1!3m4!1spFQMYem20dqfjsrFUsoCQQ!2e0!7i16384!8i8192",done,2026-06-09T14:24:10.587Z,
tte-gral-donato-alvarez-481-057-042-008,Tte. Gral. Donato Alvarez 481,"https://www.google.com/maps/@-34.62022789506951,-58.45652609420819,3a,75y,72.21h,90t/data=!3m6!1e1!3m4!1sI2FZ1F1Pyg11-lCTeNHOYg!2e0!7i16384!8i8192",done,2026-06-09T14:24:14.267Z,
dr-av-ricardo-balbin-2442-039-059-003,Dr. Av. Ricardo Balbin 2442,"https://www.google.com/maps/@-34.56282825981467,-58.46607822022203,3a,75y,47.13h,90t/data=!3m6!1e1!3m4!1sc9xRblf3l_CkXFvEw-HcCQ!2e0!7i16384!8i8192",done,2026-06-09T14:24:17.019Z,
juan-b-av-justo-2323-031-022-028,Juan B. Av. Justo 2323,"https://www.google.com/maps/@-34.59310982379894,-58.44208521476046,3a,75y,321.07h,90t/data=!3m6!1e1!3m4!1sBg8FV8HrKAilo5ncqu62rw!2e0!7i16384!8i8192",done,2026-06-09T14:24:21.792Z,
cordoba-av-6002-033-060-001,Cordoba Av. 6002,"https://www.google.com/maps/@-34.58465868168884,-58.44482231674428,3a,75y,281.58h,90t/data=!3m6!1e1!3m4!1sUKHxnEqKN9k5sZ6ioHXbPg!2e0!7i16384!8i8192",done,2026-06-09T14:24:25.310Z,
campos-salles-2266-027-014-008,Campos Salles 2266,"https://www.google.com/maps/@-34.55135491945707,-58.46449044155693,3a,75y,146.12h,90t/data=!3m6!1e1!3m4!1sXO_zpzXjWEAveEiNNMX0xw!2e0!7i16384!8i8192",done,2026-06-09T14:24:27.735Z,
bermudez-3623-089-036-013,Bermudez 3623,"https://www.google.com/maps/@-34.60839163538714,-58.52387112205228,3a,75y,54.68h,90t/data=!3m6!1e1!3m4!1stK04VmBZRjzTjRXBJX6osw!2e0!7i16384!8i8192",done,2026-06-09T14:24:29.977Z,
sendero-peatonal-sin-nombre-oficial-4368-066-105-001,Sendero Peatonal Sin Nombre Oficial 4368,"https://www.google.com/maps/@-34.67372995384723,-58.46095839687636,3a,75y,140.14h,90t/data=!3m6!1e1!3m4!1s7vFE7WVh_TGOelRwV9JRPw!2e0!7i16384!8i8192",done,2026-06-09T14:24:31.197Z,
sendero-peatonal-sin-nombre-oficial-4367-066-104-001,Sendero Peatonal Sin Nombre Oficial 4367,"https://www.google.com/maps/@-34.67434263023489,-58.46120388112854,3a,75y,39.47h,90t/data=!3m6!1e1!3m4!1sdSES_fiHq1OeT10hRcPANQ!2e0!7i16384!8i8192",done,2026-06-09T14:24:32.619Z,
sendero-peatonal-sin-nombre-oficial-4387-066-104-002,Sendero Peatonal Sin Nombre Oficial 4387,"https://www.google.com/maps/@-34.67447455266421,-58.46073312328858,3a,75y,320.7h,90t/data=!3m6!1e1!3m4!1sTAFN8qKHyH3JqC5EVRMr_Q!2e0!7i16384!8i8192",done,2026-06-09T14:24:36.616Z,
calle-sin-nombre-oficial-4071-066-106-002,Calle Sin Nombre Oficial 4071,"https://www.google.com/maps/@-34.6740141319594,-58.46028754284616,3a,75y,16.24h,90t/data=!3m6!1e1!3m4!1szSj3dXLHzwNDoDWl7ryzyQ!2e0!7i16384!8i8192",done,2026-06-09T14:24:37.920Z,
sendero-peatonal-sin-nombre-oficial-4376-066-096-002,Sendero Peatonal Sin Nombre Oficial 4376,"https://www.google.com/maps/@-34.67671669967385,-58.46334688170289,3a,75y,324.72h,90t/data=!3m6!1e1!3m4!1sKQFz2PfZHvzu4oWmexHe-A!2e0!7i16384!8i8192",done,2026-06-09T14:24:42.150Z,
sendero-peatonal-sin-nombre-oficial-4365-066-102-001,Sendero Peatonal Sin Nombre Oficial 4365,"https://www.google.com/maps/@-34.67486515581143,-58.46183240335805,3a,75y,35.04h,90t/data=!3m6!1e1!3m4!1ssQ4tN2KUecsBvegca2SbnQ!2e0!7i16384!8i8192",done,2026-06-09T14:24:42.664Z,
sendero-peatonal-sin-nombre-oficial-4356-066-096-001,Sendero Peatonal Sin Nombre Oficial 4356,"https://www.google.com/maps/@-34.67621947046224,-58.46391190878224,3a,75y,130.41h,90t/data=!3m6!1e1!3m4!1spm8h0QlgHeblkSPas7oZ6Q!2e0!7i16384!8i8192",done,2026-06-09T14:24:43.749Z,
sendero-peatonal-sin-nombre-oficial-4384-066-102-002,Sendero Peatonal Sin Nombre Oficial 4384,"https://www.google.com/maps/@-34.67498807138603,-58.46167333420421,3a,75y,58.4h,90t/data=!3m6!1e1!3m4!1sLMM30eNjXXojQcawsyPoMA!2e0!7i16384!8i8192",done,2026-06-09T14:24:44.225Z,
sendero-peatonal-sin-nombre-oficial-4366-066-103-001,Sendero Peatonal Sin Nombre Oficial 4366,"https://www.google.com/maps/@-34.67434263023489,-58.46120388112854,3a,75y,230.23h,90t/data=!3m6!1e1!3m4!1sdSES_fiHq1OeT10hRcPANQ!2e0!7i16384!8i8192",done,2026-06-09T14:24:45.194Z,
sendero-peatonal-sin-nombre-oficial-4375-066-095-002,Sendero Peatonal Sin Nombre Oficial 4375,"https://www.google.com/maps/@-34.67691485305036,-58.46397611262159,3a,75y,44.97h,90t/data=!3m6!1e1!3m4!1sIBmfdBuKPbdHZhF3L67DKQ!2e0!7i16384!8i8192",done,2026-06-09T14:24:45.906Z,
gral-av-f-fernandez-de-la-cruz-4805-066-097-002,Gral. Av. F. Fernandez de la Cruz 4805,"https://www.google.com/maps/@-34.67644858514738,-58.463046859207,3a,75y,322.83h,90t/data=!3m6!1e1!3m4!1sZ7Jtz3LjCgS2AI2kzyMeHg!2e0!7i16384!8i8192",done,2026-06-09T14:24:50.825Z,
sendero-peatonal-sin-nombre-oficial-4363-066-101-001,Sendero Peatonal Sin Nombre Oficial 4363,"https://www.google.com/maps/@-34.67486515581143,-58.46183240335805,3a,75y,232.83h,90t/data=!3m6!1e1!3m4!1ssQ4tN2KUecsBvegca2SbnQ!2e0!7i16384!8i8192",done,2026-06-09T14:24:51.132Z,
sendero-peatonal-sin-nombre-oficial-4386-066-103-002,Sendero Peatonal Sin Nombre Oficial 4386,"https://www.google.com/maps/@-34.67473740441014,-58.46113523608236,3a,75y,321.08h,90t/data=!3m6!1e1!3m4!1seLlEeqtPvK3wutBrTD1d7g!2e0!7i16384!8i8192",done,2026-06-09T14:24:51.986Z,
sendero-peatonal-sin-nombre-oficial-4383-066-101-002,Sendero Peatonal Sin Nombre Oficial 4383,"https://www.google.com/maps/@-34.67526711802724,-58.46166305482509,3a,75y,309.48h,90t/data=!3m6!1e1!3m4!1sivMeWPxhY-fBFeYEkg4cRA!2e0!7i16384!8i8192",done,2026-06-09T14:24:56.859Z,
concepcion-leyes-de-chavez-4370-066-106-001,Concepción Leyes de Chávez 4370,"https://www.google.com/maps/@-34.67352137298383,-58.46072066617737,3a,75y,126.14h,90t/data=!3m6!1e1!3m4!1sNFWh_sLeMdF_yVKcjqTt7w!2e0!7i16384!8i8192",done,2026-06-09T14:24:57.828Z,
miralla-4371-066-094-002,Miralla 4371,"https://www.google.com/maps/@-34.67721564776028,-58.46399710737198,3a,75y,312.5h,90t/data=!3m6!1e1!3m4!1sblBto3D9rg2Wr0wYqgbyEg!2e0!7i16384!8i8192",done,2026-06-09T14:25:02.420Z,
sendero-peatonal-sin-nombre-oficial-4355-066-095-001,Sendero Peatonal Sin Nombre Oficial 4355,"https://www.google.com/maps/@-34.67672515283527,-58.46419538163615,3a,75y,51.85h,90t/data=!3m6!1e1!3m4!1sr8IfYX3cEJC0naw-1uDVZA!2e0!7i16384!8i8192",done,2026-06-09T14:25:03.281Z,
sendero-peatonal-sin-nombre-oficial-4358-066-097-001,Sendero Peatonal Sin Nombre Oficial 4358,"https://www.google.com/maps/@-34.67596795696355,-58.46359690105017,3a,75y,132.14h,90t/data=!3m6!1e1!3m4!1sR2DGbUqt1X2IBZgpI75xsA!2e0!7i16384!8i8192",done,2026-06-09T14:25:04.336Z,
sendero-peatonal-sin-nombre-oficial-4388-066-105-002,Sendero Peatonal Sin Nombre Oficial 4388,"https://www.google.com/maps/@-34.67420150606056,-58.46038815763312,3a,75y,305.78h,90t/data=!3m6!1e1!3m4!1sTTGocTc7K7c-XPBlw53-hg!2e0!7i16384!8i8192",done,2026-06-09T14:25:09.003Z,
echeverria-609-025-122-002,Echeverria 609,"https://www.google.com/maps/@-34.55184938841736,-58.43717732184837,3a,75y,320.7h,90t/data=!3m6!1e1!3m4!1sC314qpIG6CWZK3DT60aQ7g!2e0!7i16384!8i8192",done,2026-06-09T14:25:12.040Z,
francisco-acuna-de-figueroa-1277-019-003-015,Francisco Acuña de Figueroa 1277,"https://www.google.com/maps/@-34.59681618202486,-58.42159975280229,3a,75y,94.13h,90t/data=!3m6!1e1!3m4!1sGgcEhrBGrHQQbrFBJjRe2w!2e0!7i16384!8i8192",done,2026-06-09T14:25:15.313Z,
de-los-incas-av-5417-061-125-019,De los Incas Av. 5417,"https://www.google.com/maps/@-34.58826171770695,-58.48360021717078,3a,75y,310.36h,90t/data=!3m6!1e1!3m4!1sTADCKEKs-_jBW7ookAIKWA!2e0!7i16384!8i8192",done,2026-06-09T14:25:19.194Z,
nogoya-4169-081-046-016,Nogoya 4169,"https://www.google.com/maps/@-34.60984360699822,-58.50360092218309,3a,75y,322.47h,90t/data=!3m6!1e1!3m4!1syiZy-HRrnQDzWHGR8lBYLw!2e0!7i16384!8i8192",done,2026-06-09T14:25:21.441Z,
juramento-608-025-122-001,Juramento 608,"https://www.google.com/maps/@-34.55094756524247,-58.43803459838942,3a,75y,138.66h,90t/data=!3m6!1e1!3m4!1s6fiLtjgmJvp7cDNV5g4hxg!2e0!7i16384!8i8192",done,2026-06-09T14:25:24.983Z,
directorio-av-3876-054-130-011,Directorio Av. 3876,"https://www.google.com/maps/@-34.64031141218469,-58.47826684886487,3a,75y,136.75h,90t/data=!3m6!1e1!3m4!1s6JE5uTW1F--wobWwrbfSGw!2e0!7i16384!8i8192",done,2026-06-09T14:25:29.721Z,
felipe-vallese-1921-057-009-022,Felipe Vallese 1921,"https://www.google.com/maps/@-34.61874242412592,-58.46054374049949,3a,75y,331.65h,90t/data=!3m6!1e1!3m4!1sLNt91TSGqaXGWbtdc0y5jg!2e0!7i16384!8i8192",done,2026-06-09T14:25:32.238Z,
larrazabal-3339-078-145-008,Larrazabal 3339,"https://www.google.com/maps/@-34.67017037765774,-58.48076869945402,3a,75y,131.5h,90t/data=!3m6!1e1!3m4!1sHhKcEbsbaV_WiWna2lqJAQ!2e0!7i16384!8i8192",done,2026-06-09T14:25:34.013Z,
a-magarinos-cervantes-4551-085-083-027,A. Magariños Cervantes 4551,"https://www.google.com/maps/@-34.62487679075108,-58.49693241347676,3a,75y,324.37h,90t/data=!3m6!1e1!3m4!1ssBC-0p7cwF2DXRF5hjPAnw!2e0!7i16384!8i8192",done,2026-06-09T14:25:34.568Z,
andonaegui-1124-061-040-039,Andonaegui 1124,"https://www.google.com/maps/@-34.58903635663692,-58.47794125943893,3a,75y,221.73h,90t/data=!3m6!1e1!3m4!1s9o4lWq1FwaeJjyB5RH26_w!2e0!7i16384!8i8192",done,2026-06-09T14:25:37.260Z,
moldes-691-037-127-007,Moldes 691,"https://www.google.com/maps/@-34.57248153092853,-58.44740583535565,3a,75y,23.85h,90t/data=!3m6!1e1!3m4!1sNGYqj8E6Abyci1qzsmbR6w!2e0!7i16384!8i8192",done,2026-06-09T14:25:38.943Z,
estados-unidos-2329-022-029-023,Estados Unidos 2329,"https://www.google.com/maps/@-34.61964635789936,-58.39916576876649,3a,75y,337.7h,90t/data=!3m6!1e1!3m4!1sMPggQBLQDRadzJ3UgEhKEQ!2e0!7i16384!8i8192",done,2026-06-09T14:25:39.883Z,
arribenos-2862-027-071-030,Arribeños 2862,"https://www.google.com/maps/@-34.551046059137,-58.45609873595957,3a,75y,230.35h,90t/data=!3m6!1e1!3m4!1s1LTN9wm2AaKV_a7VHyfDyw!2e0!7i16384!8i8192",done,2026-06-09T14:25:43.728Z,
colombres-860-036-127-015,Colombres 860,"https://www.google.com/maps/@-34.62377120313583,-58.41785803933547,3a,75y,78.03h,90t/data=!3m6!1e1!3m4!1sNaE2CU32CjmDg6eH6b7P8w!2e0!7i16384!8i8192",done,2026-06-09T14:25:46.937Z,
gorostiaga-1833-023-096-028,Gorostiaga 1833,"https://www.google.com/maps/@-34.56696357312225,-58.43781529245001,3a,75y,298.64h,90t/data=!3m6!1e1!3m4!1sl4uwBh2XW4ubisutSBuUYg!2e0!7i16384!8i8192",done,2026-06-09T14:25:50.495Z,
francisco-acuna-de-figueroa-438-017-069-044,Francisco Acuña de Figueroa 438,"https://www.google.com/maps/@-34.60546889987198,-58.42281299719829,3a,75y,266.07h,90t/data=!3m6!1e1!3m4!1sRIQ-7tL_tvmGpMUWCO_2tg!2e0!7i16384!8i8192",done,2026-06-09T14:25:53.597Z,
angel-justiniano-carranza-2073-035-074-011,Angel Justiniano Carranza 2073,"https://www.google.com/maps/@-34.57953482372807,-58.43493482904159,3a,75y,132.23h,90t/data=!3m6!1e1!3m4!1smRUh3A6ro3h0NGIdhCzRTw!2e0!7i16384!8i8192",done,2026-06-09T14:25:57.157Z,
roosevelt-franklin-d-1645-027-080-026,Roosevelt Franklin D. 1645,"https://www.google.com/maps/@-34.55311775677229,-58.45335474379716,3a,75y,336.99h,90t/data=!3m6!1e1!3m4!1sfs2cb5Fmq7CAdVvH-5bt1g!2e0!7i16384!8i8192",done,2026-06-09T14:26:00.939Z,
av-general-benjamin-victorica-2880-061-076-012,Av. General Benjamin Victorica 2880,"https://www.google.com/maps/@-34.58574664656366,-58.47949341535331,3a,75y,91.15h,90t/data=!3m6!1e1!3m4!1sENpXvLBsj6BIDvHbUOoALw!2e0!7i16384!8i8192",done,2026-06-09T14:26:05.187Z,
estados-unidos-2383-022-029-018,Estados Unidos 2383,"https://www.google.com/maps/@-34.61945597140667,-58.39996442495264,3a,75y,74.98h,90t/data=!3m6!1e1!3m4!1soXdxsOkBf3JPRqp4OGKRcg!2e0!7i16384!8i8192",done,2026-06-09T14:26:09.109Z,
severo-garcia-grande-de-zequeira-6165-074-130-035,Severo Garcia Grande de Zequeira 6165,"https://www.google.com/maps/@-34.65083258784544,-58.50590767978319,3a,75y,308.93h,90t/data=!3m6!1e1!3m4!1s7iFTw-s5yiSDORzbkFz1jw!2e0!7i16384!8i8192",done,2026-06-09T14:26:11.963Z,
joaquin-v-gonzalez-362-077-109-028,Joaquin V. Gonzalez 362,"https://www.google.com/maps/@-34.62923332849326,-58.48070910398027,3a,75y,236.58h,90t/data=!3m6!1e1!3m4!1sTzTZ09ouvSKXwlcBUaAKww!2e0!7i16384!8i8192",done,2026-06-09T14:26:16.177Z,
gorriti-5070-019-018-008,Gorriti 5070,"https://www.google.com/maps/@-34.58893111953949,-58.43191195784959,3a,75y,211.47h,90t/data=!3m6!1e1!3m4!1sROXBX8Jow3gC5upQ508vDg!2e0!7i16384!8i8192",done,2026-06-09T14:26:20.217Z,
garzon-eugenio-general-3757-054-143-030,Garzon Eugenio General 3757,"https://www.google.com/maps/@-34.64139571779867,-58.47424875497342,3a,75y,315.47h,90t/data=!3m6!1e1!3m4!1sBPQo2ungdibFCBsQ0vrpOg!2e0!7i16384!8i8192",done,2026-06-09T14:26:23.056Z,
eva-av-peron-2650-050-120-005,Eva Av. Peron 2650,"https://www.google.com/maps/@-34.64127467938403,-58.45725093438275,3a,75y,151.58h,90t/data=!3m6!1e1!3m4!1s42vBrtKzv2e_kXTrHjdOBQ!2e0!7i16384!8i8192",done,2026-06-09T14:26:28.223Z,
ceretti-3073-063-055-014,Ceretti 3073,"https://www.google.com/maps/@-34.5727143293397,-58.49746013562211,3a,75y,58.9h,90t/data=!3m6!1e1!3m4!1sVTkKKFUZ1AXNea-tm16LUw!2e0!7i16384!8i8192",done,2026-06-09T14:26:29.181Z,
garcia-del-rio-4645-055-151-020,Garcia del Rio 4645,"https://www.google.com/maps/@-34.5570271405604,-58.49038349281836,3a,75y,325.09h,90t/data=!3m6!1e1!3m4!1serXNYSm0YP80_2mM4k1rhg!2e0!7i16384!8i8192",done,2026-06-09T14:26:29.728Z,
dr-juan-f-aranguren-3975-077-095-022,Dr. Juan F. Aranguren 3975,"https://www.google.com/maps/@-34.62852261972377,-58.48517667216777,3a,75y,334.97h,90t/data=!3m6!1e1!3m4!1snClbqNj6sdFvat2MwI4Lxw!2e0!7i16384!8i8192",done,2026-06-09T14:26:34.132Z,
3-de-febrero-4074-029-070-014,3 de Febrero 4074,"https://www.google.com/maps/@-34.5425997779409,-58.46489971104975,3a,75y,236.89h,90t/data=!3m6!1e1!3m4!1sbS24CfBrOby2feq-zqqTUQ!2e0!7i16384!8i8192",done,2026-06-09T14:26:35.226Z,
cabildo-av-2875-027-003-011,Cabildo Av. 2875,"https://www.google.com/maps/@-34.55567266260631,-58.46218503937899,3a,75y,56.83h,90t/data=!3m6!1e1!3m4!1sMDsuqHD74ByxVd55LWvD3Q!2e0!7i16384!8i8192",done,2026-06-09T14:26:38.941Z,
avellaneda-av-3446-077-133-004,Avellaneda Av. 3446,"https://www.google.com/maps/@-34.62809017476457,-58.47809268410909,3a,75y,168.88h,90t/data=!3m6!1e1!3m4!1sz4AAO0SA5Or8apYksW3tWA!2e0!7i16384!8i8192",done,2026-06-09T14:26:43.413Z,
el-salvador-5745-035-046-025,El Salvador 5745,"https://www.google.com/maps/@-34.58214205884607,-58.43689130314837,3a,75y,39.42h,90t/data=!3m6!1e1!3m4!1spttvpbLhpyfw9mmUztHVsA!2e0!7i16384!8i8192",done,2026-06-09T14:26:47.225Z,
andalgala-1676-074-050-027,Andalgala 1676,"https://www.google.com/maps/@-34.6563860630366,-58.51418258391146,3a,75y,42.07h,90t/data=!3m6!1e1!3m4!1srF02s0d-Y62ufJoyUD4a3w!2e0!7i16384!8i8192",done,2026-06-09T14:26:48.488Z,
argerich-872-065-018-032,Argerich 872,"https://www.google.com/maps/@-34.62297572348658,-58.47497623393772,3a,75y,254.36h,90t/data=!3m6!1e1!3m4!1s7IEdV2e82YatpOI0Q33-yw!2e0!7i16384!8i8192",done,2026-06-09T14:26:53.240Z,
tres-arroyos-399-047-067-023,Tres Arroyos 399,"https://www.google.com/maps/@-34.60218636119879,-58.44874391208606,3a,75y,49.77h,90t/data=!3m6!1e1!3m4!1s5c9APqfEmMPkrqP9qkjhLw!2e0!7i16384!8i8192",done,2026-06-09T14:26:56.734Z,
san-blas-5437-091-060-028,San Blas 5437,"https://www.google.com/maps/@-34.6311023249905,-58.50941313362358,3a,75y,305.25h,90t/data=!3m6!1e1!3m4!1sDF-zSaGUPfY6-cduRx36AA!2e0!7i16384!8i8192",done,2026-06-09T14:26:59.330Z,
campana-868-077-146-020,Campana 868,"https://www.google.com/maps/@-34.62316120324174,-58.47867337953449,3a,75y,244.24h,90t/data=!3m6!1e1!3m4!1sOzOhTXrOki4wJdzNO9b5cw!2e0!7i16384!8i8192",done,2026-06-09T14:27:02.914Z,
carlos-antonio-lopez-4049-083-075-017,Carlos Antonio Lopez 4049,"https://www.google.com/maps/@-34.59438791251809,-58.51756165245956,3a,75y,331.71h,90t/data=!3m6!1e1!3m4!1s1yWzI9YHSyP9z3b5eisIIg!2e0!7i16384!8i8192",done,2026-06-09T14:27:06.829Z,
bragado-5330-062-080-003,Bragado 5330,"https://www.google.com/maps/@-34.64885975986326,-58.49731312955628,3a,75y,141.75h,90t/data=!3m6!1e1!3m4!1sRvB4vKMFPyTUoVrRLZjq9g!2e0!7i16384!8i8192",done,2026-06-09T14:27:10.728Z,
charlone-979-037-013-012,Charlone 979,"https://www.google.com/maps/@-34.58088980063416,-58.45752864146151,3a,75y,12.65h,90t/data=!3m6!1e1!3m4!1sAtCi5gIUyqvHdfTrl-hLgQ!2e0!7i16384!8i8192",done,2026-06-09T14:27:12.797Z,
miralla-2139-062-043-038,Miralla 2139,"https://www.google.com/maps/@-34.65824173278737,-58.48804367486248,3a,75y,230.45h,90t/data=!3m6!1e1!3m4!1sn1iccBdhUeF4KRtJks6HlA!2e0!7i16384!8i8192",done,2026-06-09T14:27:14.709Z,
boyaca-1766-067-122-038,Boyaca 1766,"https://www.google.com/maps/@-34.60980924202597,-58.46900172105001,3a,75y,244.89h,90t/data=!3m6!1e1!3m4!1s0-45KOAUo_ftfz48SOMeTw!2e0!7i16384!8i8192",done,2026-06-09T14:27:18.757Z,
ruiz-huidobro-3007-043-100-027,Ruiz Huidobro 3007,"https://www.google.com/maps/@-34.54673678626823,-58.47811281018792,3a,75y,5.71h,90t/data=!3m6!1e1!3m4!1shUli7gbdvrGjBu5R6g81vw!2e0!7i16384!8i8192",done,2026-06-09T14:27:22.715Z,
uriarte-1138-031-082-021,Uriarte 1138,"https://www.google.com/maps/@-34.59070002097224,-58.43689583206252,3a,75y,321.43h,90t/data=!3m6!1e1!3m4!1sYyPRvz2nNYhHIixMSjWbfw!2e0!7i16384!8i8192",done,2026-06-09T14:27:26.866Z,
gral-cesar-diaz-5063-085-030-033,Gral. Cesar Diaz 5063,"https://www.google.com/maps/@-34.62880466289761,-58.49904584371657,3a,75y,312.95h,90t/data=!3m6!1e1!3m4!1sMUeGbNbxXuf9UaQB_XdGEQ!2e0!7i16384!8i8192",done,2026-06-09T14:27:29.536Z,
ferre-2265-046-059-032,Ferre 2265,"https://www.google.com/maps/@-34.66182776035819,-58.42671981548067,3a,75y,325.43h,90t/data=!3m6!1e1!3m4!1sih1133jSnY_3AQxkrz3tyw!2e0!7i16384!8i8192",done,2026-06-09T14:27:32.801Z,
helguera-1020-067-002-033,Helguera 1020,"https://www.google.com/maps/@-34.62058381310496,-58.47772832428029,3a,75y,241.38h,90t/data=!3m6!1e1!3m4!1swEk34mkRIKKtvBC53SLQlA!2e0!7i16384!8i8192",done,2026-06-09T14:27:36.300Z,
ceretti-3081-063-055-013,Ceretti 3081,"https://www.google.com/maps/@-34.57264049105102,-58.49751991407612,3a,75y,63.96h,90t/data=!3m6!1e1!3m4!1s1Ddb8QfbJhagXPiCvYCFJw!2e0!7i16384!8i8192",done,2026-06-09T14:27:37.049Z,
castanon-2871-052-064-003,Castañon 2871,"https://www.google.com/maps/@-34.65843254909497,-58.43978270300939,3a,75y,234.63h,90t/data=!3m6!1e1!3m4!1sIjBC1WMW4tN7IiAv65ufoQ!2e0!7i16384!8i8192",done,2026-06-09T14:27:39.106Z,
jose-leon-cabezon-2882-075-032-007,Jose Leon Cabezon 2882,"https://www.google.com/maps/@-34.58267239115245,-58.5048167789765,3a,75y,151.08h,90t/data=!3m6!1e1!3m4!1s_7bh7TWahewMTSsDW43gRw!2e0!7i16384!8i8192",done,2026-06-09T14:27:41.865Z,
arevalo-1769-035-034-016,Arevalo 1769,"https://www.google.com/maps/@-34.58036752724149,-58.43978514171719,3a,75y,128.04h,90t/data=!3m6!1e1!3m4!1sMYglwvkgI4iSeoFS-gUiRw!2e0!7i16384!8i8192",done,2026-06-09T14:27:45.611Z,
de-los-incas-av-3878-049-108-012,De los Incas Av. 3878,"https://www.google.com/maps/@-34.57709315382774,-58.4667897919527,3a,75y,140.78h,90t/data=!3m6!1e1!3m4!1sqfuASLUIPpeZhX2RQO2l6A!2e0!7i16384!8i8192",done,2026-06-09T14:27:49.762Z,
juramento-5022-051-051-003,Juramento 5022,"https://www.google.com/maps/@-34.57768465941889,-58.48173277381097,3a,75y,148.13h,90t/data=!3m6!1e1!3m4!1sbIHauQhXxIAXizdmueD5Sw!2e0!7i16384!8i8192",done,2026-06-09T14:27:53.735Z,
tapalque-4867-062-153-025,Tapalque 4867,"https://www.google.com/maps/@-34.64652627064569,-58.49218180337822,3a,75y,308.0h,90t/data=!3m6!1e1!3m4!1sffk058BV3dKgH30KfTE7lA!2e0!7i16384!8i8192",done,2026-06-09T14:27:56.780Z,
san-blas-2342-067-103-006,San Blas 2342,"https://www.google.com/maps/@-34.60769182485625,-58.47443127770473,3a,75y,157.13h,90t/data=!3m6!1e1!3m4!1syRtsxNaWQYbnPdrWDCYLfQ!2e0!7i16384!8i8192",done,2026-06-09T14:27:57.686Z,
pres-uriburu-jose-e-222-009-044-034,Pres. Uriburu Jose E. 222,"https://www.google.com/maps/@-34.60697177746785,-58.39787668177757,3a,75y,291.47h,90t/data=!3m6!1e1!3m4!1sTJh9uXqoQ4MRNQcgnKwSFg!2e0!7i16384!8i8192",done,2026-06-09T14:27:58.570Z,
otero-354-047-127-031,Otero 354,"https://www.google.com/maps/@-34.59213171226728,-58.45365839938334,3a,75y,220.68h,90t/data=!3m6!1e1!3m4!1sySM4YL4iWVXeN67ow1GmXw!2e0!7i16384!8i8192",done,2026-06-09T14:28:02.039Z,
gral-venancio-flores-3175-065-002-021,Gral. Venancio Flores 3175,"https://www.google.com/maps/@-34.62997690758737,-58.47391402907795,3a,75y,351.96h,90t/data=!3m6!1e1!3m4!1sexbjcK8BQ35i6Z-3imMylQ!2e0!7i16384!8i8192",done,2026-06-09T14:28:05.631Z,
ramallo-3226-043-087-004,Ramallo 3226,"https://www.google.com/maps/@-34.54582405516396,-58.48095271374381,3a,75y,149.22h,90t/data=!3m6!1e1!3m4!1s2mV4h_ZdlhKv8hrNaopPRw!2e0!7i16384!8i8192",done,2026-06-09T14:28:08.487Z,
valentin-virasoro-1663-047-066-013,Valentin Virasoro 1663,"https://www.google.com/maps/@-34.60260667874688,-58.44835377600155,3a,75y,67.88h,90t/data=!3m6!1e1!3m4!1slPMEQ0Q5JypjEduORypjBg!2e0!7i16384!8i8192",done,2026-06-09T14:28:10.805Z,
patron-7575-072-017-018,Patron 7575,"https://www.google.com/maps/@-34.65558556398805,-58.52383625782055,3a,75y,312.29h,90t/data=!3m6!1e1!3m4!1seN-mpm0wvni96_aAcLYiUg!2e0!7i16384!8i8192",done,2026-06-09T14:28:13.023Z,
gregorio-de-laferrere-3373-048-017-023,Gregorio de Laferrere 3373,"https://www.google.com/maps/@-34.6416061479698,-58.46672880987305,3a,75y,313.66h,90t/data=!3m6!1e1!3m4!1sCracwmGdNNd871enpF0qFg!2e0!7i16384!8i8192",done,2026-06-09T14:28:15.436Z,
cordoba-av-6138-033-061-005,Cordoba Av. 6138,"https://www.google.com/maps/@-34.58358219766775,-58.44692564017716,3a,75y,206.97h,90t/data=!3m6!1e1!3m4!1snYFfr14LDn24ei1P13M-1Q!2e0!7i16384!8i8192",done,2026-06-09T14:28:19.931Z,
yapeyu-656-036-078-015,Yapeyu 656,"https://www.google.com/maps/@-34.61957319024069,-58.4215225974441,3a,75y,95.12h,90t/data=!3m6!1e1!3m4!1s_OTrPPn4S5I9bCbfHG3Yug!2e0!7i16384!8i8192",done,2026-06-09T14:28:22.697Z,
caracas-1766-067-100-039,Caracas 1766,"https://www.google.com/maps/@-34.61088894216419,-58.47132956338303,3a,75y,241.71h,90t/data=!3m6!1e1!3m4!1s4e-PCA3XpySc-J0tAhiWbQ!2e0!7i16384!8i8192",done,2026-06-09T14:28:25.244Z,
tte-general-eustoquio-frias-82-047-149-022,Tte. General Eustoquio Frias 82,"https://www.google.com/maps/@-34.6040059362027,-58.43719561174088,3a,75y,308.1h,90t/data=!3m6!1e1!3m4!1skj3qj-9TzJbFAK6hmtOAnQ!2e0!7i16384!8i8192",done,2026-06-09T14:28:28.478Z,
del-temple-2759-061-078-014,Del Temple 2759,"https://www.google.com/maps/@-34.58492629324235,-58.47822546401899,3a,75y,329.96h,90t/data=!3m6!1e1!3m4!1sURsbbIM7fEjChce5gpZ7Ug!2e0!7i16384!8i8192",done,2026-06-09T14:28:31.095Z,
murature-4850-085-030-010,Murature 4850,"https://www.google.com/maps/@-34.6278515094595,-58.50015708111699,3a,75y,129.1h,90t/data=!3m6!1e1!3m4!1sqlgC-D0jDnt9q3S04RpMCA!2e0!7i16384!8i8192",done,2026-06-09T14:28:33.062Z,
navarro-2569-071-092-017,Navarro 2569,"https://www.google.com/maps/@-34.5919475455095,-58.49124395624681,3a,75y,314.62h,90t/data=!3m6!1e1!3m4!1saEyidaufZFABx0-IYEs4Bg!2e0!7i16384!8i8192",done,2026-06-09T14:28:35.534Z,
gral-cesar-diaz-3636-079-092-003,Gral. Cesar Diaz 3636,"https://www.google.com/maps/@-34.61909744494316,-58.48711779872789,3a,75y,132.69h,90t/data=!3m6!1e1!3m4!1srYY2i0xPAzAA641vqpl_kw!2e0!7i16384!8i8192",done,2026-06-09T14:28:38.327Z,
galvan-2844-053-020-017,Galvan 2844,"https://www.google.com/maps/@-34.56899732184753,-58.48559350885756,3a,75y,237.36h,90t/data=!3m6!1e1!3m4!1s3ngA-V0-qtFr17PsvsBRkg!2e0!7i16384!8i8192",done,2026-06-09T14:28:41.135Z,
ruiz-de-los-llanos-1420-093-108-035,Ruiz de los Llanos 1420,"https://www.google.com/maps/@-34.62583576730756,-58.52053291974077,3a,75y,233.64h,90t/data=!3m6!1e1!3m4!1suV3P4QB0xnYYHISCtO10Rw!2e0!7i16384!8i8192",done,2026-06-09T14:28:44.244Z,
zelada-5378-060-081-006,Zelada 5378,"https://www.google.com/maps/@-34.64423843201033,-58.50057449505663,3a,75y,119.77h,90t/data=!3m6!1e1!3m4!1s2fmQVLWvNG_Fbbz77b9kEA!2e0!7i16384!8i8192",done,2026-06-09T14:28:46.518Z,
gurruchaga-1117-031-078-009,Gurruchaga 1117,"https://www.google.com/maps/@-34.59279128723736,-58.43460631468689,3a,75y,143.69h,90t/data=!3m6!1e1!3m4!1ssAjDTYFChdcIeUmOrqivgA!2e0!7i16384!8i8192",done,2026-06-09T14:28:49.561Z,
dupuy-860-091-009-020,Dupuy 860,"https://www.google.com/maps/@-34.6324293497077,-58.51583292982556,3a,75y,217.99h,90t/data=!3m6!1e1!3m4!1sD3JHD9G6Gj2fQ-M4RUwChA!2e0!7i16384!8i8192",done,2026-06-09T14:28:52.196Z,
pedro-moran-5068-089-045-020,Pedro Moran 5068,"https://www.google.com/maps/@-34.60989154405372,-58.52373480296622,3a,75y,142.11h,90t/data=!3m6!1e1!3m4!1sE0UzY_zL27Xsx9voun3IZQ!2e0!7i16384!8i8192",done,2026-06-09T14:28:54.492Z,
bonpland-1831-035-045-016,Bonpland 1831,"https://www.google.com/maps/@-34.5822576935289,-58.43612626761402,3a,75y,139.43h,90t/data=!3m6!1e1!3m4!1szMEuhl0Q8IDjOji9fRnauw!2e0!7i16384!8i8192",done,2026-06-09T14:28:57.937Z,
quirno-550-048-032-019,Quirno 550,"https://www.google.com/maps/@-34.63769918808134,-58.46825964413139,3a,75y,62.12h,90t/data=!3m6!1e1!3m4!1s0XZV9sTKIiGJisJpfTlR_Q!2e0!7i16384!8i8192",done,2026-06-09T14:29:01.667Z,
concordia-683-077-144-007,Concordia 683,"https://www.google.com/maps/@-34.62500032656391,-58.47902545751802,3a,75y,58.6h,90t/data=!3m6!1e1!3m4!1saO2dljNc4faQMJcYTDtmxQ!2e0!7i16384!8i8192",done,2026-06-09T14:29:05.103Z,
atahualpa-1664-085-072-034,Atahualpa 1664,"https://www.google.com/maps/@-34.62127764784732,-58.49948033347193,3a,75y,246.75h,90t/data=!3m6!1e1!3m4!1sOf_hrDUuE1LtJophy50iZw!2e0!7i16384!8i8192",done,2026-06-09T14:29:07.437Z,
corrientes-av-3946-017-092-007,Corrientes Av. 3946,"https://www.google.com/maps/@-34.60325734596707,-58.42019589920146,3a,75y,186.48h,90t/data=!3m6!1e1!3m4!1sElDk4XMQ-mbOhIPtZfslJw!2e0!7i16384!8i8192",done,2026-06-09T14:29:11.821Z,
garcia-de-cossio-5522-060-064-003,Garcia de Cossio 5522,"https://www.google.com/maps/@-34.64006058059075,-58.50872866235813,3a,75y,119.42h,90t/data=!3m6!1e1!3m4!1s4zVrnU1kVXNgXAF-cJ8cQA!2e0!7i16384!8i8192",done,2026-06-09T14:29:14.885Z,
galicia-2272-067-107-007,Galicia 2272,"https://www.google.com/maps/@-34.61481325511911,-58.46827166647095,3a,75y,64.06h,90t/data=!3m6!1e1!3m4!1sloNBs3EO5Z1h1fb6v_sUCw!2e0!7i16384!8i8192",done,2026-06-09T14:29:17.028Z,
cabildo-av-1956-039-096-025,Cabildo Av. 1956,"https://www.google.com/maps/@-34.56343360780007,-58.45563157058548,3a,75y,227.75h,90t/data=!3m6!1e1!3m4!1sXAxVuQsbQ7D5AABH-KRaDw!2e0!7i16384!8i8192",done,2026-06-09T14:29:21.350Z,
castanares-av-5962-080-080-008,Castañares Av. 5962,"https://www.google.com/maps/@-34.6755276381319,-58.4830212393875,3a,75y,138.48h,90t/data=!3m6!1e1!3m4!1soAFJR6YHQPjJzubJNM4VHQ!2e0!7i16384!8i8192",done,2026-06-09T14:29:23.894Z,
liniers-virrey-1763-032-040-036,Liniers Virrey 1763,"https://www.google.com/maps/@-34.63150766298757,-58.41298149138084,3a,75y,255.77h,90t/data=!3m6!1e1!3m4!1suXIVVs-3K4hfYSvKnPwVOQ!2e0!7i16384!8i8192",done,2026-06-09T14:29:24.726Z,
dr-emilio-ravignani-1641-035-019-015,Dr. Emilio Ravignani 1641,"https://www.google.com/maps/@-34.58222690925117,-58.43997065785723,3a,75y,131.48h,90t/data=!3m6!1e1!3m4!1sxLO8nkAIDMLQ13LkUSiGVQ!2e0!7i16384!8i8192",done,2026-06-09T14:29:28.681Z,
avellaneda-av-3546-077-125-004,Avellaneda Av. 3546,"https://www.google.com/maps/@-34.62839443689963,-58.47930191050095,3a,75y,154.24h,90t/data=!3m6!1e1!3m4!1sg0Pubu5m7wJNxOJVhN3gtA!2e0!7i16384!8i8192",done,2026-06-09T14:29:33.133Z,
garzon-eugenio-general-3572-054-187-035,Garzon Eugenio General 3572,"https://www.google.com/maps/@-34.64036907296691,-58.47163134999968,3a,75y,166.92h,90t/data=!3m6!1e1!3m4!1swcdC645MDQPT2SqJC3Ei-w!2e0!7i16384!8i8192",done,2026-06-09T14:29:36.317Z,
escobar-3030-075-017-005,Escobar 3030,"https://www.google.com/maps/@-34.57948203170759,-58.51108153850571,3a,75y,139.68h,90t/data=!3m6!1e1!3m4!1skUn44UmT2K0ta-QcUszTMA!2e0!7i16384!8i8192",done,2026-06-09T14:29:38.731Z,
republica-bolivariana-de-venezuela-3969-036-098-019,Republica Bolivariana de Venezuela 3969,"https://www.google.com/maps/@-34.61765039684417,-58.42111357041865,3a,75y,3.84h,90t/data=!3m6!1e1!3m4!1snJtypl1efMt8I6dONUkyQg!2e0!7i16384!8i8192",done,2026-06-09T14:29:42.314Z,
santa-fe-av-2570-015-136-009,Santa Fe Av. 2570,"https://www.google.com/maps/@-34.5941658403067,-58.40328561670634,3a,75y,192.03h,90t/data=!3m6!1e1!3m4!1sGPybNGmV9hW5-BBWuI7LtA!2e0!7i16384!8i8192",done,2026-06-09T14:29:46.629Z,
lavalle-2664-009-006-008,Lavalle 2664,"https://www.google.com/maps/@-34.60334967731451,-58.40446880108797,3a,75y,188.51h,90t/data=!3m6!1e1!3m4!1s8Mo-9VIPouvtSd5ZQ_UTJA!2e0!7i16384!8i8192",done,2026-06-09T14:29:51.598Z,
vidal-4024-043-144-028,Vidal 4024,"https://www.google.com/maps/@-34.54705409993544,-58.47423385694947,3a,75y,247.56h,90t/data=!3m6!1e1!3m4!1sms3sWf7ZmWGF-h5cUrwFTQ!2e0!7i16384!8i8192",done,2026-06-09T14:29:54.260Z,
emilio-lamarca-640-077-128-020,Emilio Lamarca 640,"https://www.google.com/maps/@-34.62572606541733,-58.47991284520565,3a,75y,242.37h,90t/data=!3m6!1e1!3m4!1seW7jrNC-RwANSSbIGbk81g!2e0!7i16384!8i8192",done,2026-06-09T14:29:57.712Z,
tinogasta-4127-081-050-029,Tinogasta 4127,"https://www.google.com/maps/@-34.60671214321754,-58.5061142183278,3a,75y,310.43h,90t/data=!3m6!1e1!3m4!1sepsxyDrAZ2Xy7YFR6mbpUw!2e0!7i16384!8i8192",done,2026-06-09T14:30:00.086Z,
dorrego-av-1351-033-047-009,Dorrego Av. 1351,"https://www.google.com/maps/@-34.58615237579215,-58.4452756760048,3a,75y,102.32h,90t/data=!3m6!1e1!3m4!1sB-4HO2VPMY4aSDfGoddfvA!2e0!7i16384!8i8192",done,2026-06-09T14:30:04.004Z,
nazarre-5731-093-125-026,Nazarre 5731,"https://www.google.com/maps/@-34.62224311925923,-58.52320225360737,3a,75y,326.61h,90t/data=!3m6!1e1!3m4!1s7ZG7mn2fu_fmXJcRtZI48A!2e0!7i16384!8i8192",done,2026-06-09T14:30:06.545Z,
wagner-1139-085-018-013,Wagner 1139,"https://www.google.com/maps/@-34.62867855333402,-58.50199484666592,3a,75y,51.09h,90t/data=!3m6!1e1!3m4!1s_NHgz8cCoiMdeG572m3siA!2e0!7i16384!8i8192",done,2026-06-09T14:30:07.034Z,
heredia-1557-049-142-011,Heredia 1557,"https://www.google.com/maps/@-34.57550467480237,-58.46553975292791,3a,75y,41.96h,90t/data=!3m6!1e1!3m4!1slLzxHT-tB3g8qbYOAcUNCQ!2e0!7i16384!8i8192",done,2026-06-09T14:30:10.657Z,
general-manuel-a-rodriguez-2651-059-109-013,General Manuel A. Rodriguez 2651,"https://www.google.com/maps/@-34.59753353177027,-58.46190897615661,3a,75y,12.36h,90t/data=!3m6!1e1!3m4!1s-jjd8gopR2qQndnWgtFihw!2e0!7i16384!8i8192",done,2026-06-09T14:30:13.398Z,
anasco-2757-059-104-013,Añasco 2757,"https://www.google.com/maps/@-34.59796810639159,-58.46515705153539,3a,75y,10.11h,90t/data=!3m6!1e1!3m4!1sg1QixyldRRK3BjI0JRx1ug!2e0!7i16384!8i8192",done,2026-06-09T14:30:16.768Z,
cordoba-av-2262-009-049-009,Cordoba Av. 2262,"https://www.google.com/maps/@-34.59966877386513,-58.39951864647047,3a,75y,193.21h,90t/data=!3m6!1e1!3m4!1sVt_N5819AyF0B10qLEx7RA!2e0!7i16384!8i8192",done,2026-06-09T14:30:21.382Z,
directorio-av-7320-076-026-003,Directorio Av. 7320,"https://www.google.com/maps/@-34.66561188109278,-58.50968408218532,3a,75y,125.83h,90t/data=!3m6!1e1!3m4!1snwyW9rLBT8fS_78lBx3cjw!2e0!7i16384!8i8192",done,2026-06-09T14:30:23.151Z,
albarracin-1938-038-065-013,Albarracin 1938,"https://www.google.com/maps/@-34.63941088330851,-58.42899915943475,3a,75y,81.48h,90t/data=!3m6!1e1!3m4!1sDR5fanUjZ-ksLMFh7HJEyg!2e0!7i16384!8i8192",done,2026-06-09T14:30:25.355Z,
condarco-1965-067-070-016,Condarco 1965,"https://www.google.com/maps/@-34.61051406031063,-58.47850252495614,3a,75y,47.23h,90t/data=!3m6!1e1!3m4!1skSMICQdsYawDInqL2bATUA!2e0!7i16384!8i8192",done,2026-06-09T14:30:26.480Z,
bernaldes-1336-085-057-037,Bernaldes 1336,"https://www.google.com/maps/@-34.62540167926463,-58.49898345021636,3a,75y,259.72h,90t/data=!3m6!1e1!3m4!1sc3bAOnFntvnESm8etcrpsA!2e0!7i16384!8i8192",done,2026-06-09T14:30:27.033Z,
allende-2623-087-076-023,Allende 2623,"https://www.google.com/maps/@-34.61613009294528,-58.51003381506159,3a,75y,33.27h,90t/data=!3m6!1e1!3m4!1stanoUjiyUoMoA_S-LB7waw!2e0!7i16384!8i8192",done,2026-06-09T14:30:29.079Z,
estado-plurinacional-de-bolivia-1816-067-069-037,Estado Plurinacional de Bolivia 1816,"https://www.google.com/maps/@-34.61118173176523,-58.47620276521548,3a,75y,236.89h,90t/data=!3m6!1e1!3m4!1sRZRN87iPbbeXv3Ar8rUSuA!2e0!7i16384!8i8192",done,2026-06-09T14:30:31.780Z,
general-manuel-a-rodriguez-2645-059-109-014,General Manuel A. Rodriguez 2645,"https://www.google.com/maps/@-34.59755494314808,-58.46179930023006,3a,75y,9.39h,90t/data=!3m6!1e1!3m4!1sqTBkbqnIsImjQPiRckmN4A!2e0!7i16384!8i8192",done,2026-06-09T14:30:34.809Z,
nahuel-huapi-4614-053-041-002,Nahuel Huapi 4614,"https://www.google.com/maps/@-34.56848123424662,-58.48323496854341,3a,75y,245.22h,90t/data=!3m6!1e1!3m4!1su0txWQgRWbGLLhgSWliX7Q!2e0!7i16384!8i8192",done,2026-06-09T14:30:38.245Z,
homero-367-060-127-034,Homero 367,"https://www.google.com/maps/@-34.64129100451699,-58.49421707041222,3a,75y,257.02h,90t/data=!3m6!1e1!3m4!1sJqjc-NYjexfNubxouukY5g!2e0!7i16384!8i8192",done,2026-06-09T14:30:42.162Z,
estomba-2039-051-130-010,Estomba 2039,"https://www.google.com/maps/@-34.57120893644665,-58.47089683551947,3a,75y,55.82h,90t/data=!3m6!1e1!3m4!1smHqQYiJvUPcG5msEVeSOgQ!2e0!7i16384!8i8192",done,2026-06-09T14:30:44.755Z,
moron-5048-077-004-006,Moron 5048,"https://www.google.com/maps/@-34.63261826916654,-58.49962263663108,3a,75y,163.42h,90t/data=!3m6!1e1!3m4!1sexTybRicIxwCGl7VPl81KA!2e0!7i16384!8i8192",done,2026-06-09T14:30:47.745Z,
rivadavia-av-8681-077-058-013,Rivadavia Av. 8681,"https://www.google.com/maps/@-34.63482217713575,-58.48627827793631,3a,75y,342.41h,90t/data=!3m6!1e1!3m4!1sWxry12xqsmAAcKKfitquxQ!2e0!7i16384!8i8192",done,2026-06-09T14:30:52.672Z,
lavalle-2337-009-039-028,Lavalle 2337,"https://www.google.com/maps/@-34.60336562422081,-58.40006072029957,3a,75y,350.76h,90t/data=!3m6!1e1!3m4!1syESBB3xIhtFpppo-VytIwg!2e0!7i16384!8i8192",done,2026-06-09T14:30:56.584Z,
gral-jose-gervasio-artigas-1938-067-081-006,Gral. Jose Gervasio Artigas 1938,"https://www.google.com/maps/@-34.60933020438476,-58.4758424191056,3a,75y,241.04h,90t/data=!3m6!1e1!3m4!1syZIpa1C9YWXd3HxDoWZyNQ!2e0!7i16384!8i8192",done,2026-06-09T14:30:59.983Z,
carlos-e-pellegrini-5609-055-032-008,Carlos E. Pellegrini 5609,"https://www.google.com/maps/@-34.56258702764545,-58.50096899183762,3a,75y,309.71h,90t/data=!3m6!1e1!3m4!1sCc_2jl0Pn19BAbAXQty_zw!2e0!7i16384!8i8192",done,2026-06-09T14:31:01.834Z,
dr-victorino-de-la-plaza-1125-027-113-022,Dr. Victorino de la Plaza 1125,"https://www.google.com/maps/@-34.54936264122117,-58.44859853637222,3a,75y,285.94h,90t/data=!3m6!1e1!3m4!1sc5ymMrFFu8ot8zpzDYfmIA!2e0!7i16384!8i8192",done,2026-06-09T14:31:03.030Z,
carlos-guido-y-spano-1146-059-152-023,Carlos Guido y Spano 1146,"https://www.google.com/maps/@-34.61051342890989,-58.45337347181486,3a,75y,220.05h,90t/data=!3m6!1e1!3m4!1sj5ko8VT3QYfAgsjilddxXw!2e0!7i16384!8i8192",done,2026-06-09T14:31:05.124Z,
salom-659-018-064-030,Salom 659,"https://www.google.com/maps/@-34.65062413861307,-58.38118177523938,3a,75y,253.12h,90t/data=!3m6!1e1!3m4!1sSdflyZj_aBQ0s1As9QRnmA!2e0!7i16384!8i8192",done,2026-06-09T14:31:08.524Z,
bahia-blanca-1685-079-069-025,Bahia Blanca 1685,"https://www.google.com/maps/@-34.61865183836792,-58.49227826360783,3a,75y,49.84h,90t/data=!3m6!1e1!3m4!1s3AC3sQRfvK9fbBvQjWzzvg!2e0!7i16384!8i8192",done,2026-06-09T14:31:11.310Z,
canada-de-gomez-1083-072-073-025,Cañada de Gomez 1083,"https://www.google.com/maps/@-34.65036148786496,-58.51855479727115,3a,75y,229.75h,90t/data=!3m6!1e1!3m4!1s-TUDBvtoxRjFNfafsf3udQ!2e0!7i16384!8i8192",done,2026-06-09T14:31:13.885Z,
cuenca-1867-067-011-026,Cuenca 1867,"https://www.google.com/maps/@-34.61266164550972,-58.48583651907309,3a,75y,69.25h,90t/data=!3m6!1e1!3m4!1sEn859TlE4nXla3r58h34Jg!2e0!7i16384!8i8192",done,2026-06-09T14:31:16.505Z,
arias-4684-055-158-009,Arias 4684,"https://www.google.com/maps/@-34.55205232457526,-58.4945543825708,3a,75y,61.19h,90t/data=!3m6!1e1!3m4!1s-rHJXMAdT0TG_x3kqXZYxQ!2e0!7i16384!8i8192",done,2026-06-09T14:31:18.640Z,
llavallol-5171-083-228-013,Llavallol 5171,"https://www.google.com/maps/@-34.58657257652843,-58.51222609707479,3a,75y,59.11h,90t/data=!3m6!1e1!3m4!1sP5UpdlqQKLvLcF2dysHmWw!2e0!7i16384!8i8192",done,2026-06-09T14:31:22.104Z,
avellaneda-av-3484-077-133-008,Avellaneda Av. 3484,"https://www.google.com/maps/@-34.62856922196751,-58.47860280724026,3a,75y,70.48h,90t/data=!3m6!1e1!3m4!1smjjcxQQwFt48ahrrOtXJgg!2e0!7i16384!8i8192",done,2026-06-09T14:31:25.575Z,
larsen-2931-075-027-030,Larsen 2931,"https://www.google.com/maps/@-34.57936873418437,-58.50906950309147,3a,75y,318.25h,90t/data=!3m6!1e1!3m4!1s_ju8HkGRVv86snm1XfZimQ!2e0!7i16384!8i8192",done,2026-06-09T14:31:28.186Z,
felipe-vallese-3015-065-018-025,Felipe Vallese 3015,"https://www.google.com/maps/@-34.62366997803019,-58.4748973871921,3a,75y,332.49h,90t/data=!3m6!1e1!3m4!1s1ilmZMhrLgJmbq1u9Ptv9g!2e0!7i16384!8i8192",done,2026-06-09T14:31:31.377Z,
bogota-3372-077-140-008,Bogota 3372,"https://www.google.com/maps/@-34.62894947188316,-58.47679294767921,3a,75y,167.55h,90t/data=!3m6!1e1!3m4!1s1IVO8MW4-3c7Z5Vb6feZ-g!2e0!7i16384!8i8192",done,2026-06-09T14:31:34.996Z,
elpidio-gonzalez-5920-091-015-003,Elpidio Gonzalez 5920,"https://www.google.com/maps/@-34.63253460047786,-58.51470384872376,3a,75y,123.14h,90t/data=!3m6!1e1!3m4!1sZ37AmfAsBlBM_3gS_3TS5w!2e0!7i16384!8i8192",done,2026-06-09T14:31:38.319Z,
ferre-2043-046-081-031,Ferre 2043,"https://www.google.com/maps/@-34.66050663266953,-58.42458786499262,3a,75y,320.08h,90t/data=!3m6!1e1!3m4!1soNozb20BWV6fmhCs1O4Xzg!2e0!7i16384!8i8192",done,2026-06-09T14:31:40.307Z,
cuenca-87-065-001-011,Cuenca 87,"https://www.google.com/maps/@-34.63066766411296,-58.47399740553048,3a,75y,69.47h,90t/data=!3m6!1e1!3m4!1skWHRGE330zMoN71zSp7uYQ!2e0!7i16384!8i8192",done,2026-06-09T14:31:44.990Z,
bermudez-2428-087-034-004,Bermudez 2428,"https://www.google.com/maps/@-34.61648056424303,-58.51335829135714,3a,75y,225.42h,90t/data=!3m6!1e1!3m4!1sNIcjt8pq_pA1mBE5uqdoFg!2e0!7i16384!8i8192",done,2026-06-09T14:31:47.611Z,
murguiondo-4722-082-108-023,Murguiondo 4722,"https://www.google.com/maps/@-34.68156284009032,-58.46974493533061,3a,75y,33.83h,90t/data=!3m6!1e1!3m4!1s3Jz4uncLLhwGwBlY_evz3g!2e0!7i16384!8i8192",done,2026-06-09T14:31:49.735Z,
emilio-av-castro-5221-060-091-024,Emilio Av. Castro 5221,"https://www.google.com/maps/@-34.6440304017617,-58.49851436720694,3a,75y,316.11h,90t/data=!3m6!1e1!3m4!1smy_17x72ZcikIjgoUoWHfQ!2e0!7i16384!8i8192",done,2026-06-09T14:31:55.382Z,
navarro-2876-071-055-011,Navarro 2876,"https://www.google.com/maps/@-34.59406937158514,-58.49467306510042,3a,75y,140.32h,90t/data=!3m6!1e1!3m4!1smiHkX3GwuM6611Zt9UNvUg!2e0!7i16384!8i8192",done,2026-06-09T14:31:57.520Z,
pacheco-3399-053-025-011,Pacheco 3399,"https://www.google.com/maps/@-34.56478700595586,-58.49074989696316,3a,75y,46.43h,90t/data=!3m6!1e1!3m4!1sAPa_-S7CDwKldr2MtZNZmA!2e0!7i16384!8i8192",done,2026-06-09T14:32:00.989Z,
mercedes-2270-081-028-010,Mercedes 2270,"https://www.google.com/maps/@-34.61438157021484,-58.50052369073198,3a,75y,242.62h,90t/data=!3m6!1e1!3m4!1sHdOfkPHTwjjeIoc0JrGPow!2e0!7i16384!8i8192",done,2026-06-09T14:32:03.466Z,
sarmiento-2835-013-097-019,Sarmiento 2835,"https://www.google.com/maps/@-34.60656419498194,-58.40638957549832,3a,75y,0.26h,90t/data=!3m6!1e1!3m4!1shoyIf5t4_2WUHihWqbNebg!2e0!7i16384!8i8192",done,2026-06-09T14:32:07.246Z,
nazca-av-368-065-023-041,Nazca Av. 368,"https://www.google.com/maps/@-34.62786222660513,-58.47092279740278,3a,75y,251.95h,90t/data=!3m6!1e1!3m4!1soAHbzXqbrn8lUuTQFIC8ow!2e0!7i16384!8i8192",done,2026-06-09T14:32:11.031Z,
pareja-4173-083-050-007,Pareja 4173,"https://www.google.com/maps/@-34.5997516679324,-58.51466672127397,3a,75y,318.48h,90t/data=!3m6!1e1!3m4!1sTqDc3E21y6ot0TvGhWSUCA!2e0!7i16384!8i8192",done,2026-06-09T14:32:13.450Z,
escobar-2445-075-090-015,Escobar 2445,"https://www.google.com/maps/@-34.57517806036081,-58.50411682315077,3a,75y,312.86h,90t/data=!3m6!1e1!3m4!1sjRCAx58FFiDB7G1xiZOo5g!2e0!7i16384!8i8192",done,2026-06-09T14:32:16.415Z,
terrada-5677-075-050-014,Terrada 5677,"https://www.google.com/maps/@-34.57797162725399,-58.50794414861009,3a,75y,41.43h,90t/data=!3m6!1e1!3m4!1sLgAWL-7WdXkh4y44A9Ks1Q!2e0!7i16384!8i8192",done,2026-06-09T14:32:18.863Z,
guamini-4695-080-023-028,Guamini 4695,"https://www.google.com/maps/@-34.68549128653635,-58.47974599662817,3a,75y,228.88h,90t/data=!3m6!1e1!3m4!1sbSpDGTjxN-NI-KQ53bUHLA!2e0!7i16384!8i8192",done,2026-06-09T14:32:19.615Z,
ceretti-3091-063-055-011,Ceretti 3091,"https://www.google.com/maps/@-34.57256489570565,-58.49758099967134,3a,75y,30.05h,90t/data=!3m6!1e1!3m4!1sDs7rpYbH1oiDo7ShzbdpWQ!2e0!7i16384!8i8192",done,2026-06-09T14:32:20.628Z,
del-libertador-av-6130-025-064-003,Del Libertador Av. 6130,"https://www.google.com/maps/@-34.55545605214265,-58.44878981566023,3a,75y,234.69h,90t/data=!3m6!1e1!3m4!1szVCOw4IPCCsR6imssP4odA!2e0!7i16384!8i8192",done,2026-06-09T14:32:24.613Z,
ibera-5725-063-057-029,Ibera 5725,"https://www.google.com/maps/@-34.57086616826829,-58.49783353361795,3a,75y,335.61h,90t/data=!3m6!1e1!3m4!1seiiC72guOBmz6VD6kCIiAQ!2e0!7i16384!8i8192",done,2026-06-09T14:32:25.129Z,
dr-juan-f-aranguren-1743-057-043-021,Dr. Juan F. Aranguren 1743,"https://www.google.com/maps/@-34.6197912938328,-58.4560679864366,3a,75y,335.25h,90t/data=!3m6!1e1!3m4!1ssksS9Hm0-oGudpNhXc0gmQ!2e0!7i16384!8i8192",done,2026-06-09T14:32:25.771Z,
congreso-av-5386-063-093-007,Congreso Av. 5386,"https://www.google.com/maps/@-34.57179842870084,-58.49348554822366,3a,75y,53.3h,90t/data=!3m6!1e1!3m4!1syMGOzdDK8yDpG2JpD7rKGQ!2e0!7i16384!8i8192",done,2026-06-09T14:32:29.014Z,
ramallo-4886-055-128-007,Ramallo 4886,"https://www.google.com/maps/@-34.55351710914548,-58.49561660428864,3a,75y,161.73h,90t/data=!3m6!1e1!3m4!1sNJLgAwZ2N2VypWgNrYWL5g!2e0!7i16384!8i8192",done,2026-06-09T14:32:29.481Z,
palpa-3793-037-007-031,Palpa 3793,"https://www.google.com/maps/@-34.58234117950872,-58.45524245629971,3a,75y,286.25h,90t/data=!3m6!1e1!3m4!1sB3zNwlCB0yxeXVxvyqpD-Q!2e0!7i16384!8i8192",done,2026-06-09T14:32:31.657Z,
pedro-moran-2428-071-105-004,Pedro Moran 2428,"https://www.google.com/maps/@-34.58950138473352,-58.49103204202202,3a,75y,142.38h,90t/data=!3m6!1e1!3m4!1seh4ItLEzCGKWDParL-WmzA!2e0!7i16384!8i8192",done,2026-06-09T14:32:34.084Z,
fraga-1046-049-167-032,Fraga 1046,"https://www.google.com/maps/@-34.5832363647806,-58.45802499663351,3a,75y,201.41h,90t/data=!3m6!1e1!3m4!1skBZ-a6XxZuPbz5Tz_bpuSw!2e0!7i16384!8i8192",done,2026-06-09T14:32:37.614Z,
zabala-3965-049-159-023,Zabala 3965,"https://www.google.com/maps/@-34.58369676807973,-58.45908130475176,3a,75y,279.96h,90t/data=!3m6!1e1!3m4!1sa-Zgrx6_vj-lJtQym50JRQ!2e0!7i16384!8i8192",done,2026-06-09T14:32:41.371Z,
paroissien-2186-029-029-007,Paroissien 2186,"https://www.google.com/maps/@-34.54549112921835,-58.46756147941769,3a,75y,140.92h,90t/data=!3m6!1e1!3m4!1sjc0KI65rROSW63dDLcnGvw!2e0!7i16384!8i8192",done,2026-06-09T14:32:43.556Z,
guevara-1119-049-159-018,Guevara 1119,"https://www.google.com/maps/@-34.58404968450424,-58.45951407507016,3a,75y,357.21h,90t/data=!3m6!1e1!3m4!1sOz2BQQjWJ6EpBqCyVPKhiQ!2e0!7i16384!8i8192",done,2026-06-09T14:32:45.872Z,
cuenca-1485-067-007-015,Cuenca 1485,"https://www.google.com/maps/@-34.61664996810985,-58.48267542244881,3a,75y,62.43h,90t/data=!3m6!1e1!3m4!1sIvKscs1myf81ew4F9USC_w!2e0!7i16384!8i8192",done,2026-06-09T14:32:48.600Z,
argerich-702-065-017-027,Argerich 702,"https://www.google.com/maps/@-34.62465434409275,-58.47439459888908,3a,75y,351.04h,90t/data=!3m6!1e1!3m4!1sS_oSiw9OXl58OmXMrNygNg!2e0!7i16384!8i8192",done,2026-06-09T14:32:53.146Z,
portela-1009-054-196-001,Portela 1009,"https://www.google.com/maps/@-34.6435286459341,-58.46657478670793,3a,75y,231.16h,90t/data=!3m6!1e1!3m4!1sJg2yraKEffi5HKTM-vts4A!2e0!7i16384!8i8192",done,2026-06-09T14:32:55.967Z,
severo-garcia-grande-de-zequeira-6941-074-058-035,Severo Garcia Grande de Zequeira 6941,"https://www.google.com/maps/@-34.65635077146048,-58.51164322747918,3a,75y,316.05h,90t/data=!3m6!1e1!3m4!1sMd5wzKPuyc2RhjyRpceMGg!2e0!7i16384!8i8192",done,2026-06-09T14:32:58.424Z,
donado-3250-053-085-032,Donado 3250,"https://www.google.com/maps/@-34.56268251921925,-58.48329386829113,3a,75y,230.73h,90t/data=!3m6!1e1!3m4!1szJCVcEJ_DAfD6uvjFPzY2A!2e0!7i16384!8i8192",done,2026-06-09T14:33:02.111Z,
helguera-3625-071-027-012,Helguera 3625,"https://www.google.com/maps/@-34.59565797979308,-58.49777915773161,3a,75y,50.07h,90t/data=!3m6!1e1!3m4!1sOwqvG1yorhvtdfjjuKdqmQ!2e0!7i16384!8i8192",done,2026-06-09T14:33:04.622Z,
lugones-3156-053-056-031,Lugones 3156,"https://www.google.com/maps/@-34.56494282816087,-58.48504806650482,3a,75y,229.78h,90t/data=!3m6!1e1!3m4!1s1TcP-ocZ3JYGrFARjz07zQ!2e0!7i16384!8i8192",done,2026-06-09T14:33:07.876Z,
donado-3240-053-085-031,Donado 3240,"https://www.google.com/maps/@-34.56276331323937,-58.48323235465,3a,75y,235.0h,90t/data=!3m6!1e1!3m4!1seYeHDXZLT9KkKUFL51uHjg!2e0!7i16384!8i8192",done,2026-06-09T14:33:11.792Z,
cucha-cucha-834-057-113-029,Cucha Cucha 834,"https://www.google.com/maps/@-34.61247543038076,-58.44827634124608,3a,75y,248.43h,90t/data=!3m6!1e1!3m4!1sJpVQuE-rajgAQmStfxS97Q!2e0!7i16384!8i8192",done,2026-06-09T14:33:13.043Z,
lisboa-611-093-110-024,Lisboa 611,"https://www.google.com/maps/@-34.63035904467742,-58.51969620534847,3a,75y,66.57h,90t/data=!3m6!1e1!3m4!1srGA_mGrqc3KyYU_TjB76Rg!2e0!7i16384!8i8192",done,2026-06-09T14:33:15.435Z,
moliere-932-091-074-033,Moliere 932,"https://www.google.com/maps/@-34.63045104181489,-58.50749272010807,3a,75y,223.63h,90t/data=!3m6!1e1!3m4!1sd-FfCr9B1Hz635ZgtcXyuQ!2e0!7i16384!8i8192",done,2026-06-09T14:33:18.624Z,
cosquin-4617-080-036-039,Cosquin 4617,"https://www.google.com/maps/@-34.68447964211665,-58.47775106406355,3a,75y,234.09h,90t/data=!3m6!1e1!3m4!1srV3632RlDV7I-fXjsjYYVw!2e0!7i16384!8i8192",done,2026-06-09T14:33:21.179Z,
moron-3560-077-127-004,Moron 3560,"https://www.google.com/maps/@-34.62619103993974,-58.48025002818947,3a,75y,161.75h,90t/data=!3m6!1e1!3m4!1sFzNkMevE9UDJGNcJm9GQTA!2e0!7i16384!8i8192",done,2026-06-09T14:33:25.055Z,
cnel-av-esteban-bonorino-3290-046-085-022,Cnel. Av. Esteban Bonorino 3290,"https://www.google.com/maps/@-34.65768066069279,-58.42787215301129,3a,75y,307.84h,90t/data=!3m6!1e1!3m4!1sFlTjmPdberEYGDTTvAidaw!2e0!7i16384!8i8192",done,2026-06-09T14:33:27.812Z,
cochrane-3468-083-207-009,Cochrane 3468,"https://www.google.com/maps/@-34.58452973932913,-58.51559029193329,3a,75y,140.76h,90t/data=!3m6!1e1!3m4!1sacgCNWXMNTr0ndKqJTIkVw!2e0!7i16384!8i8192",done,2026-06-09T14:33:29.554Z,
jose-de-maturana-4809-087-061-031,Jose de Maturana 4809,"https://www.google.com/maps/@-34.61792306154749,-58.50858138043103,3a,75y,324.07h,90t/data=!3m6!1e1!3m4!1suU1HY9fJMjh5rDn3TIujGg!2e0!7i16384!8i8192",done,2026-06-09T14:33:30.865Z,
vilela-3047-043-117-016,Vilela 3047,"https://www.google.com/maps/@-34.54811920855686,-58.47646858218461,3a,75y,341.6h,90t/data=!3m6!1e1!3m4!1sOitHkHwBiYTU0-1OfFa6cw!2e0!7i16384!8i8192",done,2026-06-09T14:33:31.684Z,
bahia-blanca-1418-079-054-031,Bahia Blanca 1418,"https://www.google.com/maps/@-34.62083966596684,-58.48952774110654,3a,75y,233.6h,90t/data=!3m6!1e1!3m4!1sNN0dEs4RYC_XddBsC5U4Iw!2e0!7i16384!8i8192",done,2026-06-09T14:33:34.405Z,
fitz-roy-1829-035-044-016,Fitz Roy 1829,"https://www.google.com/maps/@-34.58311467153275,-58.43513766883826,3a,75y,132.6h,90t/data=!3m6!1e1!3m4!1s_H7WdnkMu856FvhmkHhtjw!2e0!7i16384!8i8192",error,,Image request failed: HTTP 400
habana-2151-073-083-020,Habana 2151,"https://www.google.com/maps/@-34.58394107640861,-58.49092530083575,3a,75y,313.3h,90t/data=!3m6!1e1!3m4!1sd5uILm6y7_9HJW2kheQONA!2e0!7i16384!8i8192",done,2026-06-09T14:33:39.548Z,
murguiondo-1875-076-159-026,Murguiondo 1875,"https://www.google.com/maps/@-34.65619284863327,-58.50212408132073,3a,75y,224.05h,90t/data=!3m6!1e1!3m4!1s0s3t1wd_jWIGDI_9nOyd1A!2e0!7i16384!8i8192",done,2026-06-09T14:33:43.158Z,
ezeiza-2902-075-029-011,Ezeiza 2902,"https://www.google.com/maps/@-34.57686018391054,-58.5107381644407,3a,75y,243.09h,90t/data=!3m6!1e1!3m4!1sQagOYv3XReue-Wad23nsvQ!2e0!7i16384!8i8192",done,2026-06-09T14:33:46.797Z,
bazurco-3151-075-006-031,Bazurco 3151,"https://www.google.com/maps/@-34.5828153232375,-58.51055514822586,3a,75y,326.09h,90t/data=!3m6!1e1!3m4!1sJW7eyDrva5_U37ANsEmo7g!2e0!7i16384!8i8192",done,2026-06-09T14:33:49.838Z,
lanus-3060-048-045-003,Lanus 3060,"https://www.google.com/maps/@-34.63954137634494,-58.46489160927675,3a,75y,140.35h,90t/data=!3m6!1e1!3m4!1sM5kmQV_Of6I_-LCmVvFi2A!2e0!7i16384!8i8192",done,2026-06-09T14:33:52.150Z,
garcia-del-rio-4685-055-151-017,Garcia del Rio 4685,"https://www.google.com/maps/@-34.5571527297023,-58.4906436788517,3a,75y,327.22h,90t/data=!3m6!1e1!3m4!1sm2fo4k8t8T8qbZw-DXmf2A!2e0!7i16384!8i8192",done,2026-06-09T14:33:52.711Z,
bauness-931-061-029-016,Bauness 931,"https://www.google.com/maps/@-34.58955688746982,-58.47446725954716,3a,75y,54.56h,90t/data=!3m6!1e1!3m4!1sSG8YjWvZl6OYZHIT7T50FA!2e0!7i16384!8i8192",done,2026-06-09T14:33:55.590Z,
benito-juarez-3279-087-095-024,Benito Juarez 3279,"https://www.google.com/maps/@-34.61015564570179,-58.51374455247434,3a,75y,57.29h,90t/data=!3m6!1e1!3m4!1szhbTOrVtC5ocLKXQjIVqwQ!2e0!7i16384!8i8192",done,2026-06-09T14:33:57.717Z,
elcano-av-4033-049-147-036,Elcano Av. 4033,"https://www.google.com/maps/@-34.58336844504984,-58.46058189579241,3a,75y,269.08h,90t/data=!3m6!1e1!3m4!1s4U6ZZfwRcMy2_48YpK1zqw!2e0!7i16384!8i8192",done,2026-06-09T14:34:00.466Z,
holmberg-2749-053-102-017,Holmberg 2749,"https://www.google.com/maps/@-34.56666179362334,-58.47923700105805,3a,75y,57.12h,90t/data=!3m6!1e1!3m4!1svws1xzrCnP4II2V1DiEerg!2e0!7i16384!8i8192",done,2026-06-09T14:34:04.119Z,
basualdo-508-060-092-009,Basualdo 508,"https://www.google.com/maps/@-34.64310090141365,-58.50081936698788,3a,75y,40.0h,90t/data=!3m6!1e1!3m4!1sMp-co3Y2H1KABpzDDykRng!2e0!7i16384!8i8192",done,2026-06-09T14:34:04.956Z,
guamini-1168-072-046-030,Guamini 1168,"https://www.google.com/maps/@-34.65224019728996,-58.52283679194518,3a,75y,31.64h,90t/data=!3m6!1e1!3m4!1sTnuIxqmTrE54FdeBKlIYEw!2e0!7i16384!8i8192",done,2026-06-09T14:34:07.010Z,
irala-261-008-070-026,Irala 261,"https://www.google.com/maps/@-34.63116145780079,-58.36821953179125,3a,75y,255.52h,90t/data=!3m6!1e1!3m4!1sgIlZZOuBJWssBFV0TWKIDQ!2e0!7i16384!8i8192",done,2026-06-09T14:34:10.106Z,
campillo-2716-061-032-002,Campillo 2716,"https://www.google.com/maps/@-34.58723735482774,-58.47494887716017,3a,75y,132.61h,90t/data=!3m6!1e1!3m4!1sxCCqsG3Qxxkg8XGGU0RGvA!2e0!7i16384!8i8192",done,2026-06-09T14:34:12.405Z,
hamburgo-3183-061-117-013,Hamburgo 3183,"https://www.google.com/maps/@-34.58633429263006,-58.48305417438843,3a,75y,322.6h,90t/data=!3m6!1e1!3m4!1sG6mSktxD0aXBmR9t47yAGQ!2e0!7i16384!8i8192",done,2026-06-09T14:34:14.403Z,
elpidio-gonzalez-5298-091-105-011,Elpidio Gonzalez 5298,"https://www.google.com/maps/@-34.6275131066588,-58.50913930976876,3a,75y,138.25h,90t/data=!3m6!1e1!3m4!1sPcLE8mOjf4qYHwUJlGyDkg!2e0!7i16384!8i8192",done,2026-06-09T14:34:17.175Z,
joaquin-v-gonzalez-554-077-111-031,Joaquin V. Gonzalez 554,"https://www.google.com/maps/@-34.62704290601345,-58.48170410849175,3a,75y,238.59h,90t/data=!3m6!1e1!3m4!1sQFOQFl3MQ4CpaWQRrwPx3Q!2e0!7i16384!8i8192",done,2026-06-09T14:34:21.859Z,
alcaraz-5950-091-032-004,Alcaraz 5950,"https://www.google.com/maps/@-34.63044216871646,-58.51596540475277,3a,75y,135.98h,90t/data=!3m6!1e1!3m4!1sy_jnEKfXGoDUCqaHgVYe2A!2e0!7i16384!8i8192",done,2026-06-09T14:34:24.018Z,
gral-rivas-2681-069-046-024,Gral. Rivas 2681,"https://www.google.com/maps/@-34.60267372437176,-58.48497810020539,3a,75y,312.16h,90t/data=!3m6!1e1!3m4!1stOV_YW1xWTlAvfpOcSdryA!2e0!7i16384!8i8192",done,2026-06-09T14:34:28.447Z,
cuenca-1015-067-002-019,Cuenca 1015,"https://www.google.com/maps/@-34.62126055366192,-58.47899095539612,3a,75y,70.52h,90t/data=!3m6!1e1!3m4!1sHaPHnVK0vjFPM-DbeQ3Psg!2e0!7i16384!8i8192",done,2026-06-09T14:34:31.697Z,
juan-bautista-av-alberdi-6026-076-164-003,Juan Bautista Av. Alberdi 6026,"https://www.google.com/maps/@-34.65337065590423,-58.50423168114758,3a,75y,132.44h,90t/data=!3m6!1e1!3m4!1sWs5OvXvNxz5I3mIjNgdmqw!2e0!7i16384!8i8192",done,2026-06-09T14:34:36.266Z,
monte-7140-076-045-004,Monte 7140,"https://www.google.com/maps/@-34.67117572997206,-58.50005477571892,3a,75y,134.12h,90t/data=!3m6!1e1!3m4!1sF2GxsNvFl-tYFE-FM7yJXw!2e0!7i16384!8i8192",done,2026-06-09T14:34:38.346Z,
jose-p-t-batlle-y-ordonez-6201-080-055-032,Jose P.t. Batlle y Ordoñez 6201,"https://www.google.com/maps/@-34.68180786362769,-58.4779371645283,3a,75y,237.41h,90t/data=!3m6!1e1!3m4!1sfao_3C0Wbis-vSTvdtAG5w!2e0!7i16384!8i8192",done,2026-06-09T14:34:40.735Z,
oliden-1966-076-175-010,Oliden 1966,"https://www.google.com/maps/@-34.65695668274549,-58.49929045096395,3a,75y,51.95h,90t/data=!3m6!1e1!3m4!1sd2oJk8DEAS0xNd316q_OMg!2e0!7i16384!8i8192",done,2026-06-09T14:34:44.169Z,
bernaldes-1106-085-055-018,Bernaldes 1106,"https://www.google.com/maps/@-34.62768463900692,-58.49797156482965,3a,75y,235.88h,90t/data=!3m6!1e1!3m4!1stgKRin7w2iHyhmLjvYVTEQ!2e0!7i16384!8i8192",done,2026-06-09T14:34:46.276Z,
plaza-3575-053-128-009,Plaza 3575,"https://www.google.com/maps/@-34.55794878025448,-58.48415706673192,3a,75y,71.86h,90t/data=!3m6!1e1!3m4!1sgScXqJonAGNxfP0bRkPz7A!2e0!7i16384!8i8192",done,2026-06-09T14:34:49.742Z,
tres-arroyos-3260-079-135-008,Tres Arroyos 3260,"https://www.google.com/maps/@-34.61985144635845,-58.48123021691256,3a,75y,141.16h,90t/data=!3m6!1e1!3m4!1sXEdFqwrWxAWjUW7N_czwCA!2e0!7i16384!8i8192",done,2026-06-09T14:34:52.595Z,
moron-3546-077-127-003,Moron 3546,"https://www.google.com/maps/@-34.6261593140559,-58.48013249323317,3a,75y,176.91h,90t/data=!3m6!1e1!3m4!1stCBcJtQBqcQwmO5bvQLuDw!2e0!7i16384!8i8192",done,2026-06-09T14:34:56.984Z,
jose-pascual-tamborini-4054-053-125-006,Jose Pascual Tamborini 4054,"https://www.google.com/maps/@-34.5612146349494,-58.48126559099112,3a,75y,146.32h,90t/data=!3m6!1e1!3m4!1sHTdazmLj6lSCcAOFEH-25g!2e0!7i16384!8i8192",done,2026-06-09T14:35:00.588Z,
gral-cesar-diaz-4717-085-067-030,Gral. Cesar Diaz 4717,"https://www.google.com/maps/@-34.62699055662305,-58.49699140739411,3a,75y,306.23h,90t/data=!3m6!1e1!3m4!1s8Jk9OKQvKKV_JS1qGfUKkg!2e0!7i16384!8i8192",done,2026-06-09T14:35:01.846Z,
baldomero-fernandez-moreno-3239-048-015-029,Baldomero Fernandez Moreno 3239,"https://www.google.com/maps/@-34.64239415858817,-58.46510216844489,3a,75y,313.43h,90t/data=!3m6!1e1!3m4!1sHnRplpimuksqNYYRDyS_2Q!2e0!7i16384!8i8192",done,2026-06-09T14:35:04.530Z,
superi-4823-043-066-016,Superi 4823,"https://www.google.com/maps/@-34.54467044874083,-58.48490055354728,3a,75y,324.22h,90t/data=!3m6!1e1!3m4!1sy3C6vxqcDzVmUn551lf2sg!2e0!7i16384!8i8192",done,2026-06-09T14:35:05.142Z,
alberto-williams-6088-055-006-001,Alberto Williams 6088,"https://www.google.com/maps/@-34.56443237838153,-58.50475560238848,3a,75y,135.6h,90t/data=!3m6!1e1!3m4!1snL22xqeiDvfEDv6x_jtPRQ!2e0!7i16384!8i8192",done,2026-06-09T14:35:06.711Z,
heredia-985-049-135-002,Heredia 985,"https://www.google.com/maps/@-34.58204946548113,-58.46336648250308,3a,75y,91.0h,90t/data=!3m6!1e1!3m4!1s0Vav61HaWYE2YSy9Q0KejQ!2e0!7i16384!8i8192",done,2026-06-09T14:35:09.903Z,
emilio-av-castro-5877-060-019-012,Emilio Av. Castro 5877,"https://www.google.com/maps/@-34.64709680197308,-58.50502531992647,3a,75y,339.42h,90t/data=!3m6!1e1!3m4!1sVGIl-zIAe7w1bXSkrHL7HA!2e0!7i16384!8i8192",done,2026-06-09T14:35:14.763Z,
nazca-av-377-065-033-007,Nazca Av. 377,"https://www.google.com/maps/@-34.62777417073616,-58.4709620887206,3a,75y,62.79h,90t/data=!3m6!1e1!3m4!1sOFjXcdlsMHkgQxa-oo30Gg!2e0!7i16384!8i8192",done,2026-06-09T14:35:20.943Z,
lavoisier-3558-063-041-035,Lavoisier 3558,"https://www.google.com/maps/@-34.56738513745989,-58.50285408991857,3a,75y,246.9h,90t/data=!3m6!1e1!3m4!1sHDbCdkcteMdpeyYQwH9gyA!2e0!7i16384!8i8192",done,2026-06-09T14:35:23.090Z,
felipe-vallese-1375-057-071-019,Felipe Vallese 1375,"https://www.google.com/maps/@-34.61627897004043,-58.45400160259429,3a,75y,345.12h,90t/data=!3m6!1e1!3m4!1s3ngSR0AfdhH1X0NoucT6dA!2e0!7i16384!8i8192",done,2026-06-09T14:35:25.838Z,
condarco-5721-075-064-024,Condarco 5721,"https://www.google.com/maps/@-34.57685767900922,-58.50717889990993,3a,75y,41.02h,90t/data=!3m6!1e1!3m4!1sJn3SKb3FlHsrUbDRrh0p2g!2e0!7i16384!8i8192",done,2026-06-09T14:35:28.280Z,
hidalgo-1534-047-074-025,Hidalgo 1534,"https://www.google.com/maps/@-34.60321329609521,-58.44464802867731,3a,75y,230.29h,90t/data=!3m6!1e1!3m4!1s0trHXy4q9Mx58tVVSwQlRg!2e0!7i16384!8i8192",done,2026-06-09T14:35:31.552Z,
felipe-vallese-3518-077-128-002,Felipe Vallese 3518,"https://www.google.com/maps/@-34.62514424138203,-58.48054112158359,3a,75y,154.54h,90t/data=!3m6!1e1!3m4!1sXJ7Ir3DnI487QfNkHSt7TA!2e0!7i16384!8i8192",done,2026-06-09T14:35:34.460Z,
la-rioja-916-030-075-013,La Rioja 916,"https://www.google.com/maps/@-34.62116842554011,-58.40751959111151,3a,75y,68.68h,90t/data=!3m6!1e1!3m4!1sYPewCQ0LpUn_pPSzuP4KGg!2e0!7i16384!8i8192",done,2026-06-09T14:35:38.593Z,
zabala-3338-037-037-005,Zabala 3338,"https://www.google.com/maps/@-34.5766987152685,-58.45592843771389,3a,75y,124.94h,90t/data=!3m6!1e1!3m4!1sntAW0mEAAUhy-NpxWsj8zg!2e0!7i16384!8i8192",done,2026-06-09T14:35:40.757Z,
araujo-579-060-072-032,Araujo 579,"https://www.google.com/maps/@-34.64333549438859,-58.50215257745096,3a,75y,208.75h,90t/data=!3m6!1e1!3m4!1sc8xczDGTJxZcWkl67szI9w!2e0!7i16384!8i8192",done,2026-06-09T14:35:43.358Z,
miller-3690-055-120-018,Miller 3690,"https://www.google.com/maps/@-34.55951707285035,-58.49064071624786,3a,75y,246.82h,90t/data=!3m6!1e1!3m4!1souMHymwjgmXSL7jbE5qmnQ!2e0!7i16384!8i8192",done,2026-06-09T14:35:46.688Z,
dr-juan-f-aranguren-4676-077-037-005,Dr. Juan F. Aranguren 4676,"https://www.google.com/maps/@-34.63163662408073,-58.49294433808291,3a,75y,154.0h,90t/data=!3m6!1e1!3m4!1sv_gDXYpIWlhzmZ93TdLgkw!2e0!7i16384!8i8192",done,2026-06-09T14:35:50.026Z,
cuenca-1008-079-114-002,Cuenca 1008,"https://www.google.com/maps/@-34.62126055366192,-58.47899095539612,3a,75y,221.79h,90t/data=!3m6!1e1!3m4!1sHaPHnVK0vjFPM-DbeQ3Psg!2e0!7i16384!8i8192",done,2026-06-09T14:35:52.971Z,
pico-2111-029-038-021,Pico 2111,"https://www.google.com/maps/@-34.53928521081158,-58.47148794898513,3a,75y,322.99h,90t/data=!3m6!1e1!3m4!1szyJiFqYmm8dtE3qZ2ha8Xg!2e0!7i16384!8i8192",done,2026-06-09T14:35:53.767Z,
pola-2731-064-025-041,Pola 2731,"https://www.google.com/maps/@-34.66312490452513,-58.48342377893625,3a,75y,222.07h,90t/data=!3m6!1e1!3m4!1sGzgIIEC5iqKmUKsoyz9GYA!2e0!7i16384!8i8192",done,2026-06-09T14:35:55.807Z,
campos-salles-1712-027-074-002,Campos Salles 1712,"https://www.google.com/maps/@-34.5483195065221,-58.45844669986776,3a,75y,141.23h,90t/data=!3m6!1e1!3m4!1sAo4qUvynmQXOINJNqToFVQ!2e0!7i16384!8i8192",done,2026-06-09T14:35:59.023Z,
conde-969-037-072-029,Conde 969,"https://www.google.com/maps/@-34.57639591116934,-58.45277417676994,3a,75y,25.35h,90t/data=!3m6!1e1!3m4!1skqW1qpHKHSWcOzeBCueZEw!2e0!7i16384!8i8192",done,2026-06-09T14:36:02.025Z,
cuenca-5441-075-006-021,Cuenca 5441,"https://www.google.com/maps/@-34.58287805111082,-58.5114797316936,3a,75y,49.02h,90t/data=!3m6!1e1!3m4!1sOgvnx3E7BJ5aOwjRHyNyOQ!2e0!7i16384!8i8192",done,2026-06-09T14:36:04.521Z,
guevara-1187-049-159-012,Guevara 1187,"https://www.google.com/maps/@-34.58403797392291,-58.46017647467758,3a,75y,16.35h,90t/data=!3m6!1e1!3m4!1syXlzGBexNYoloeQzFLmypw!2e0!7i16384!8i8192",done,2026-06-09T14:36:07.461Z,
itaqui-6360-082-053-014,Itaqui 6360,"https://www.google.com/maps/@-34.68744860952244,-58.47298452078059,3a,75y,124.69h,90t/data=!3m6!1e1!3m4!1sT2FYuNrQ5eXEmDJOpIgKAg!2e0!7i16384!8i8192",done,2026-06-09T14:36:09.571Z,
armenia-1679-019-049-014,Armenia 1679,"https://www.google.com/maps/@-34.58957034571206,-58.42752275802585,3a,75y,132.18h,90t/data=!3m6!1e1!3m4!1szJArkzDcZpv34bm0PajMmg!2e0!7i16384!8i8192",done,2026-06-09T14:36:14.073Z,
azara-1417-010-029-030,Azara 1417,"https://www.google.com/maps/@-34.6453141612341,-58.36995281125004,3a,75y,262.26h,90t/data=!3m6!1e1!3m4!1s_MwWPWpYKgjLlD-ba82QHQ!2e0!7i16384!8i8192",done,2026-06-09T14:36:15.623Z,
helguera-2218-069-002-002,Helguera 2218,"https://www.google.com/maps/@-34.60890378395855,-58.48708355556972,3a,75y,238.71h,90t/data=!3m6!1e1!3m4!1sechS6Kqd__Fy4Aq2RKTBBg!2e0!7i16384!8i8192",done,2026-06-09T14:36:16.688Z,
alvarez-jonte-av-4820-085-042-002,Alvarez Jonte Av. 4820,"https://www.google.com/maps/@-34.61996120027293,-58.50618358747499,3a,75y,157.43h,90t/data=!3m6!1e1!3m4!1sFnsBgqqQACZf55yrOh8c6Q!2e0!7i16384!8i8192",error,,Image request failed: HTTP 400
andonaegui-1277-061-056-011,Andonaegui 1277,"https://www.google.com/maps/@-34.58737837406081,-58.47950718141052,3a,75y,50.7h,90t/data=!3m6!1e1!3m4!1sJkQ5151190IoOosylTd9Sw!2e0!7i16384!8i8192",done,2026-06-09T14:36:19.947Z,
chivilcoy-2730-081-047-019,Chivilcoy 2730,"https://www.google.com/maps/@-34.60851175086147,-58.50408510214608,3a,75y,220.75h,90t/data=!3m6!1e1!3m4!1s7jfPTTNgM1qajE_x8mCMNA!2e0!7i16384!8i8192",done,2026-06-09T14:36:22.557Z,
avellaneda-123-045-130-014,Avellaneda 123,"https://www.google.com/maps/@-34.61166596240393,-58.43208587811278,3a,75y,338.7h,90t/data=!3m6!1e1!3m4!1snaZyxmurV6xE9XlorHdbpw!2e0!7i16384!8i8192",done,2026-06-09T14:36:23.577Z,
pedro-moran-3623-083-144-022,Pedro Moran 3623,"https://www.google.com/maps/@-34.59868714870487,-58.50589364911914,3a,75y,316.98h,90t/data=!3m6!1e1!3m4!1sNfSuy-hucFntXdJ5Id3ixQ!2e0!7i16384!8i8192",done,2026-06-09T14:36:26.156Z,
gral-cesar-diaz-5342-091-099-005,Gral. Cesar Diaz 5342,"https://www.google.com/maps/@-34.63180741440004,-58.50248015273986,3a,75y,133.5h,90t/data=!3m6!1e1!3m4!1sTvJnfvd4K6kJkoJBr90CKw!2e0!7i16384!8i8192",done,2026-06-09T14:36:28.497Z,
segurola-av-4411-083-013-012,Segurola Av. 4411,"https://www.google.com/maps/@-34.59997860665592,-58.51868605513787,3a,75y,329.87h,90t/data=!3m6!1e1!3m4!1sm11W-z4jLnyfTIqu_l6i4A!2e0!7i16384!8i8192",done,2026-06-09T14:36:30.934Z,
saladillo-3005-076-009-039,Saladillo 3005,"https://www.google.com/maps/@-34.67089196287507,-58.50414035247309,3a,75y,226.75h,90t/data=!3m6!1e1!3m4!1smOiHNU60k6IXb-QOBG4iEQ!2e0!7i16384!8i8192",done,2026-06-09T14:36:32.708Z,
holmberg-1575-049-081-012,Holmberg 1575,"https://www.google.com/maps/@-34.57770259462445,-58.46954185989127,3a,75y,61.42h,90t/data=!3m6!1e1!3m4!1sshTXKdFLYzgLogJ6oigjww!2e0!7i16384!8i8192",done,2026-06-09T14:36:35.824Z,
belen-571-077-063-011,Belen 571,"https://www.google.com/maps/@-34.63068500722737,-58.48992646954937,3a,75y,60.16h,90t/data=!3m6!1e1!3m4!1sryguClAU3bZVYtobODzpfw!2e0!7i16384!8i8192",done,2026-06-09T14:36:39.224Z,
oliden-1446-074-128-011,Oliden 1446,"https://www.google.com/maps/@-34.6525453313678,-58.50465277002044,3a,75y,37.23h,90t/data=!3m6!1e1!3m4!1s6y55bRGqJMlCj8c8CXDvEg!2e0!7i16384!8i8192",done,2026-06-09T14:36:42.205Z,
general-manuel-a-rodriguez-2574-059-123-041,General Manuel A. Rodriguez 2574,"https://www.google.com/maps/@-34.59779152966968,-58.46059714049063,3a,75y,199.62h,90t/data=!3m6!1e1!3m4!1s41DNJlm52EMO-pGZan_lNg!2e0!7i16384!8i8192",done,2026-06-09T14:36:46.060Z,
monroe-881-027-131-019,Monroe 881,"https://www.google.com/maps/@-34.54882279431431,-58.44396716674801,3a,75y,330.95h,90t/data=!3m6!1e1!3m4!1scznT2UXKTdTmSRN8S_IMlg!2e0!7i16384!8i8192",error,,Image request failed: HTTP 400
concordia-709-077-145-018,Concordia 709,"https://www.google.com/maps/@-34.62458292415837,-58.47921173430499,3a,75y,62.08h,90t/data=!3m6!1e1!3m4!1seOQjo5cqDjHQTAJ7CiXoXA!2e0!7i16384!8i8192",done,2026-06-09T14:36:51.961Z,
moliere-2615-093-177-034,Moliere 2615,"https://www.google.com/maps/@-34.61808118931184,-58.52434274898415,3a,75y,45.5h,90t/data=!3m6!1e1!3m4!1sl3VqTLeXh4RLi03iBs2VBQ!2e0!7i16384!8i8192",done,2026-06-09T14:36:55.000Z,
basualdo-974-062-124-018,Basualdo 974,"https://www.google.com/maps/@-34.64705823784946,-58.49584987611619,3a,75y,36.28h,90t/data=!3m6!1e1!3m4!1s3wT1mtr7u46Wmbycb2Xr9A!2e0!7i16384!8i8192",done,2026-06-09T14:36:58.536Z,
vedia-4866-055-117-008,Vedia 4866,"https://www.google.com/maps/@-34.55090463149543,-58.49883417651886,3a,75y,148.85h,90t/data=!3m6!1e1!3m4!1sZgt4LEOIv-YdCWfqbkp1kA!2e0!7i16384!8i8192",done,2026-06-09T14:37:00.939Z,
chascomus-5832-076-176-002,Chascomus 5832,"https://www.google.com/maps/@-34.65548393913133,-58.49851645860009,3a,75y,129.51h,90t/data=!3m6!1e1!3m4!1sRLPHzKYmTixudQTijCMygw!2e0!7i16384!8i8192",done,2026-06-09T14:37:03.566Z,
